user_id,activity,timestamp,hour,day_of_week,is_weekend,minutes_since_midnight,time_since_last_drink,time_since_last_eat,time_since_last_outside,avg_drink_gap,avg_eat_gap,minutes_until_next
1,drink,2025-09-14 01:30:00,1,6,1,90,0.0,,,419.5527950310559,835.2125,660.0
1,eat,2025-09-14 12:30:00,12,6,1,750,660.0,0.0,,419.5527950310559,835.2125,0.0
1,drink,2025-09-14 12:30:00,12,6,1,750,0.0,0.0,,419.5527950310559,835.2125,30.0
1,outside_in,2025-09-14 13:00:00,13,6,1,780,30.0,30.0,0.0,419.5527950310559,835.2125,45.0
1,outside_out,2025-09-14 13:45:00,13,6,1,825,75.0,75.0,45.0,419.5527950310559,835.2125,45.0
1,drink,2025-09-14 14:30:00,14,6,1,870,0.0,120.0,90.0,419.5527950310559,835.2125,45.0
1,drink,2025-09-14 15:15:00,15,6,1,915,0.0,165.0,135.0,419.5527950310559,835.2125,135.0
1,eat,2025-09-14 17:30:00,17,6,1,1050,135.0,0.0,270.0,419.5527950310559,835.2125,0.0
1,drink,2025-09-14 17:30:00,17,6,1,1050,0.0,0.0,270.0,419.5527950310559,835.2125,120.0
1,drink,2025-09-14 19:30:00,19,6,1,1170,0.0,120.0,390.0,419.5527950310559,835.2125,180.0
1,eat,2025-09-14 22:30:00,22,6,1,1350,180.0,0.0,570.0,419.5527950310559,835.2125,0.0
1,drink,2025-09-14 22:30:00,22,6,1,1350,0.0,0.0,570.0,419.5527950310559,835.2125,585.0
1,eat,2025-09-15 08:15:00,8,0,0,495,585.0,0.0,1155.0,419.5527950310559,835.2125,5.0
1,drink,2025-09-15 08:20:00,8,0,0,500,0.0,5.0,1160.0,419.5527950310559,835.2125,100.0
1,drink,2025-09-15 10:00:00,10,0,0,600,0.0,105.0,1260.0,419.5527950310559,835.2125,90.0
1,outside_in,2025-09-15 11:30:00,11,0,0,690,90.0,195.0,0.0,419.5527950310559,835.2125,45.0
1,outside_out,2025-09-15 12:15:00,12,0,0,735,135.0,240.0,45.0,419.5527950310559,835.2125,30.0
1,eat,2025-09-15 12:45:00,12,0,0,765,165.0,0.0,75.0,419.5527950310559,835.2125,15.0
1,drink,2025-09-15 13:00:00,13,0,0,780,0.0,15.0,90.0,419.5527950310559,835.2125,150.0
1,drink,2025-09-15 15:30:00,15,0,0,930,0.0,165.0,240.0,419.5527950310559,835.2125,180.0
1,eat,2025-09-15 18:30:00,18,0,0,1110,180.0,0.0,420.0,419.5527950310559,835.2125,0.0
1,drink,2025-09-15 18:30:00,18,0,0,1110,0.0,0.0,420.0,419.5527950310559,835.2125,90.0
1,drink,2025-09-15 20:00:00,20,0,0,1200,0.0,90.0,510.0,419.5527950310559,835.2125,135.0
1,eat,2025-09-15 22:15:00,22,0,0,1335,135.0,0.0,645.0,419.5527950310559,835.2125,5.0
1,drink,2025-09-15 22:20:00,22,0,0,1340,0.0,5.0,650.0,419.5527950310559,835.2125,640.0
1,eat,2025-09-16 09:00:00,9,1,0,540,640.0,0.0,1290.0,419.5527950310559,835.2125,5.0
1,drink,2025-09-16 09:05:00,9,1,0,545,0.0,5.0,1295.0,419.5527950310559,835.2125,85.0
1,drink,2025-09-16 10:30:00,10,1,0,630,0.0,90.0,1380.0,419.5527950310559,835.2125,150.0
1,eat,2025-09-16 13:00:00,13,1,0,780,150.0,0.0,1530.0,419.5527950310559,835.2125,15.0
1,drink,2025-09-16 13:15:00,13,1,0,795,0.0,15.0,1545.0,419.5527950310559,835.2125,45.0
1,outside_in,2025-09-16 14:00:00,14,1,0,840,45.0,60.0,0.0,419.5527950310559,835.2125,90.0
1,outside_out,2025-09-16 15:30:00,15,1,0,930,135.0,150.0,90.0,419.5527950310559,835.2125,30.0
1,drink,2025-09-16 16:00:00,16,1,0,960,0.0,180.0,120.0,419.5527950310559,835.2125,180.0
1,eat,2025-09-16 19:00:00,19,1,0,1140,180.0,0.0,300.0,419.5527950310559,835.2125,15.0
1,drink,2025-09-16 19:15:00,19,1,0,1155,0.0,15.0,315.0,419.5527950310559,835.2125,105.0
1,drink,2025-09-16 21:00:00,21,1,0,1260,0.0,120.0,420.0,419.5527950310559,835.2125,90.0
1,eat,2025-09-16 22:30:00,22,1,0,1350,90.0,0.0,510.0,419.5527950310559,835.2125,30.0
1,drink,2025-09-16 23:00:00,23,1,0,1380,0.0,30.0,540.0,419.5527950310559,835.2125,525.0
1,eat,2025-09-17 07:45:00,7,2,0,465,525.0,0.0,1065.0,419.5527950310559,835.2125,5.0
1,drink,2025-09-17 07:50:00,7,2,0,470,0.0,5.0,1070.0,419.5527950310559,835.2125,100.0
1,drink,2025-09-17 09:30:00,9,2,0,570,0.0,105.0,1170.0,419.5527950310559,835.2125,165.0
1,eat,2025-09-17 12:15:00,12,2,0,735,165.0,0.0,1335.0,419.5527950310559,835.2125,15.0
1,drink,2025-09-17 12:30:00,12,2,0,750,0.0,15.0,1350.0,419.5527950310559,835.2125,30.0
1,outside_in,2025-09-17 13:00:00,13,2,0,780,30.0,45.0,0.0,419.5527950310559,835.2125,60.0
1,outside_out,2025-09-17 14:00:00,14,2,0,840,90.0,105.0,60.0,419.5527950310559,835.2125,60.0
1,drink,2025-09-17 15:00:00,15,2,0,900,0.0,165.0,120.0,419.5527950310559,835.2125,120.0
1,drink,2025-09-17 17:00:00,17,2,0,1020,0.0,285.0,240.0,419.5527950310559,835.2125,90.0
1,drink,2025-09-17 18:30:00,18,2,0,1110,0.0,375.0,330.0,419.5527950310559,835.2125,0.0
1,eat,2025-09-17 18:30:00,18,2,0,1110,0.0,0.0,330.0,419.5527950310559,835.2125,105.0
1,drink,2025-09-17 20:15:00,20,2,0,1215,0.0,105.0,435.0,419.5527950310559,835.2125,105.0
1,eat,2025-09-17 22:00:00,22,2,0,1320,105.0,0.0,540.0,419.5527950310559,835.2125,15.0
1,drink,2025-09-17 22:15:00,22,2,0,1335,0.0,15.0,555.0,419.5527950310559,835.2125,795.0
1,eat,2025-09-18 11:30:00,11,3,0,690,795.0,0.0,1350.0,419.5527950310559,835.2125,5.0
1,drink,2025-09-18 11:35:00,11,3,0,695,0.0,5.0,1355.0,419.5527950310559,835.2125,85.0
1,drink,2025-09-18 13:00:00,13,3,0,780,0.0,90.0,1440.0,419.5527950310559,835.2125,90.0
1,outside_in,2025-09-18 14:30:00,14,3,0,870,90.0,180.0,0.0,419.5527950310559,835.2125,45.0
1,outside_out,2025-09-18 15:15:00,15,3,0,915,135.0,225.0,45.0,419.5527950310559,835.2125,45.0
1,eat,2025-09-18 16:00:00,16,3,0,960,180.0,0.0,90.0,419.5527950310559,835.2125,10.0
1,drink,2025-09-18 16:10:00,16,3,0,970,0.0,10.0,100.0,419.5527950310559,835.2125,110.0
1,drink,2025-09-18 18:00:00,18,3,0,1080,0.0,120.0,210.0,419.5527950310559,835.2125,120.0
1,eat,2025-09-18 20:00:00,20,3,0,1200,120.0,0.0,330.0,419.5527950310559,835.2125,10.0
1,drink,2025-09-18 20:10:00,20,3,0,1210,0.0,10.0,340.0,419.5527950310559,835.2125,125.0
1,drink,2025-09-18 22:15:00,22,3,0,1335,0.0,135.0,465.0,419.5527950310559,835.2125,75.0
1,eat,2025-09-18 23:30:00,23,3,0,1410,75.0,0.0,540.0,419.5527950310559,835.2125,30.0
1,drink,2025-09-19 00:00:00,0,4,0,0,0.0,30.0,570.0,419.5527950310559,835.2125,735.0
1,eat,2025-09-19 12:15:00,12,4,0,735,735.0,0.0,1305.0,419.5527950310559,835.2125,5.0
1,drink,2025-09-19 12:20:00,12,4,0,740,0.0,5.0,1310.0,419.5527950310559,835.2125,85.0
1,drink,2025-09-19 13:45:00,13,4,0,825,0.0,90.0,1395.0,419.5527950310559,835.2125,105.0
1,eat,2025-09-19 15:30:00,15,4,0,930,105.0,0.0,1500.0,419.5527950310559,835.2125,15.0
1,drink,2025-09-19 15:45:00,15,4,0,945,0.0,15.0,1515.0,419.5527950310559,835.2125,75.0
1,outside_in,2025-09-19 17:00:00,17,4,0,1020,75.0,90.0,0.0,419.5527950310559,835.2125,60.0
1,outside_out,2025-09-19 18:00:00,18,4,0,1080,135.0,150.0,60.0,419.5527950310559,835.2125,30.0
1,drink,2025-09-19 18:30:00,18,4,0,1110,0.0,180.0,90.0,419.5527950310559,835.2125,120.0
1,eat,2025-09-19 20:30:00,20,4,0,1230,120.0,0.0,210.0,419.5527950310559,835.2125,10.0
1,drink,2025-09-19 20:40:00,20,4,0,1240,0.0,10.0,220.0,419.5527950310559,835.2125,80.0
1,drink,2025-09-19 22:00:00,22,4,0,1320,0.0,90.0,300.0,419.5527950310559,835.2125,75.0
1,eat,2025-09-19 23:15:00,23,4,0,1395,75.0,0.0,375.0,419.5527950310559,835.2125,15.0
1,drink,2025-09-19 23:30:00,23,4,0,1410,0.0,15.0,390.0,419.5527950310559,835.2125,90.0
1,drink,2025-09-20 01:00:00,1,5,1,60,0.0,105.0,480.0,419.5527950310559,835.2125,645.0
1,eat,2025-09-20 11:45:00,11,5,1,705,645.0,0.0,1125.0,419.5527950310559,835.2125,5.0
1,drink,2025-09-20 11:50:00,11,5,1,710,0.0,5.0,1130.0,419.5527950310559,835.2125,70.0
1,drink,2025-09-20 13:00:00,13,5,1,780,0.0,75.0,1200.0,419.5527950310559,835.2125,90.0
1,eat,2025-09-20 14:30:00,14,5,1,870,90.0,0.0,1290.0,419.5527950310559,835.2125,15.0
1,drink,2025-09-20 14:45:00,14,5,1,885,0.0,15.0,1305.0,419.5527950310559,835.2125,75.0
1,drink,2025-09-20 16:00:00,16,5,1,960,0.0,90.0,1380.0,419.5527950310559,835.2125,90.0
1,outside_in,2025-09-20 17:30:00,17,5,1,1050,90.0,180.0,0.0,419.5527950310559,835.2125,60.0
1,outside_out,2025-09-20 18:30:00,18,5,1,1110,150.0,240.0,60.0,419.5527950310559,835.2125,60.0
1,eat,2025-09-20 19:30:00,19,5,1,1170,210.0,0.0,120.0,419.5527950310559,835.2125,15.0
1,drink,2025-09-20 19:45:00,19,5,1,1185,0.0,15.0,135.0,419.5527950310559,835.2125,75.0
1,drink,2025-09-20 21:00:00,21,5,1,1260,0.0,90.0,210.0,419.5527950310559,835.2125,90.0
1,eat,2025-09-20 22:30:00,22,5,1,1350,90.0,0.0,300.0,419.5527950310559,835.2125,15.0
1,drink,2025-09-20 22:45:00,22,5,1,1365,0.0,15.0,315.0,419.5527950310559,835.2125,105.0
1,drink,2025-09-21 00:30:00,0,6,1,30,0.0,120.0,420.0,419.5527950310559,835.2125,15097.0
1,drink,2025-10-01 12:07:00,12,2,0,727,0.0,15217.0,15517.0,419.5527950310559,835.2125,56.0
1,eat,2025-10-01 13:03:00,13,2,0,783,56.0,0.0,15573.0,419.5527950310559,835.2125,0.0
1,drink,2025-10-01 13:03:00,13,2,0,783,0.0,0.0,15573.0,419.5527950310559,835.2125,69.0
1,outside_in,2025-10-01 14:12:00,14,2,0,852,69.0,69.0,0.0,419.5527950310559,835.2125,34.0
1,outside_out,2025-10-01 14:46:00,14,2,0,886,103.0,103.0,34.0,419.5527950310559,835.2125,41.0
1,drink,2025-10-01 15:27:00,15,2,0,927,0.0,144.0,75.0,419.5527950310559,835.2125,95.0
1,eat,2025-10-01 17:02:00,17,2,0,1022,95.0,0.0,170.0,419.5527950310559,835.2125,0.0
1,drink,2025-10-01 17:02:00,17,2,0,1022,0.0,0.0,170.0,419.5527950310559,835.2125,136.0
1,drink,2025-10-01 19:18:00,19,2,0,1158,0.0,136.0,306.0,419.5527950310559,835.2125,203.0
1,drink,2025-10-01 22:41:00,22,2,0,1361,0.0,339.0,509.0,419.5527950310559,835.2125,810.0
1,drink,2025-10-02 12:11:00,12,3,0,731,0.0,1149.0,1319.0,419.5527950310559,835.2125,55.0
1,eat,2025-10-02 13:06:00,13,3,0,786,55.0,0.0,1374.0,419.5527950310559,835.2125,0.0
1,drink,2025-10-02 13:06:00,13,3,0,786,0.0,0.0,1374.0,419.5527950310559,835.2125,115.0
1,outside_in,2025-10-02 15:01:00,15,3,0,901,115.0,115.0,0.0,419.5527950310559,835.2125,37.0
1,outside_out,2025-10-02 15:38:00,15,3,0,938,152.0,152.0,37.0,419.5527950310559,835.2125,44.0
1,drink,2025-10-02 16:22:00,16,3,0,982,0.0,196.0,81.0,419.5527950310559,835.2125,43.0
1,eat,2025-10-02 17:05:00,17,3,0,1025,43.0,0.0,124.0,419.5527950310559,835.2125,0.0
1,drink,2025-10-02 17:05:00,17,3,0,1025,0.0,0.0,124.0,419.5527950310559,835.2125,179.0
1,drink,2025-10-02 20:04:00,20,3,0,1204,0.0,179.0,303.0,419.5527950310559,835.2125,188.0
1,drink,2025-10-02 23:12:00,23,3,0,1392,0.0,367.0,491.0,419.5527950310559,835.2125,771.0
1,drink,2025-10-03 12:03:00,12,4,0,723,0.0,1138.0,1262.0,419.5527950310559,835.2125,58.0
1,eat,2025-10-03 13:01:00,13,4,0,781,58.0,0.0,1320.0,419.5527950310559,835.2125,0.0
1,drink,2025-10-03 13:01:00,13,4,0,781,0.0,0.0,1320.0,419.5527950310559,835.2125,104.0
1,outside_in,2025-10-03 14:45:00,14,4,0,885,104.0,104.0,0.0,419.5527950310559,835.2125,48.0
1,outside_out,2025-10-03 15:33:00,15,4,0,933,152.0,152.0,48.0,419.5527950310559,835.2125,37.0
1,drink,2025-10-03 16:10:00,16,4,0,970,0.0,189.0,85.0,419.5527950310559,835.2125,50.0
1,eat,2025-10-03 17:00:00,17,4,0,1020,50.0,0.0,135.0,419.5527950310559,835.2125,0.0
1,drink,2025-10-03 17:00:00,17,4,0,1020,0.0,0.0,135.0,419.5527950310559,835.2125,169.0
1,drink,2025-10-03 19:49:00,19,4,0,1189,0.0,169.0,304.0,419.5527950310559,835.2125,159.0
1,drink,2025-10-03 22:28:00,22,4,0,1348,0.0,328.0,463.0,419.5527950310559,835.2125,826.0
1,drink,2025-10-04 12:14:00,12,5,1,734,0.0,1154.0,1289.0,419.5527950310559,835.2125,55.0
1,eat,2025-10-04 13:09:00,13,5,1,789,55.0,0.0,1344.0,419.5527950310559,835.2125,0.0
1,drink,2025-10-04 13:09:00,13,5,1,789,0.0,0.0,1344.0,419.5527950310559,835.2125,131.0
1,outside_in,2025-10-04 15:20:00,15,5,1,920,131.0,131.0,0.0,419.5527950310559,835.2125,42.0
1,outside_out,2025-10-04 16:02:00,16,5,1,962,173.0,173.0,42.0,419.5527950310559,835.2125,35.0
1,drink,2025-10-04 16:37:00,16,5,1,997,0.0,208.0,77.0,419.5527950310559,835.2125,29.0
1,eat,2025-10-04 17:06:00,17,5,1,1026,29.0,0.0,106.0,419.5527950310559,835.2125,0.0
1,drink,2025-10-04 17:06:00,17,5,1,1026,0.0,0.0,106.0,419.5527950310559,835.2125,189.0
1,drink,2025-10-04 20:15:00,20,5,1,1215,0.0,189.0,295.0,419.5527950310559,835.2125,168.0
1,drink,2025-10-04 23:03:00,23,5,1,1383,0.0,357.0,463.0,419.5527950310559,835.2125,78.0
1,eat,2025-10-05 00:21:00,0,6,1,21,78.0,0.0,541.0,419.5527950310559,835.2125,704.0
1,drink,2025-10-05 12:05:00,12,6,1,725,0.0,704.0,1245.0,419.5527950310559,835.2125,55.0
1,eat,2025-10-05 13:00:00,13,6,1,780,55.0,0.0,1300.0,419.5527950310559,835.2125,0.0
1,drink,2025-10-05 13:00:00,13,6,1,780,0.0,0.0,1300.0,419.5527950310559,835.2125,88.0
1,outside_in,2025-10-05 14:28:00,14,6,1,868,88.0,88.0,0.0,419.5527950310559,835.2125,37.0
1,outside_out,2025-10-05 15:05:00,15,6,1,905,125.0,125.0,37.0,419.5527950310559,835.2125,54.0
1,drink,2025-10-05 15:59:00,15,6,1,959,0.0,179.0,91.0,419.5527950310559,835.2125,62.0
1,eat,2025-10-05 17:01:00,17,6,1,1021,62.0,0.0,153.0,419.5527950310559,835.2125,0.0
1,drink,2025-10-05 17:01:00,17,6,1,1021,0.0,0.0,153.0,419.5527950310559,835.2125,161.0
1,drink,2025-10-05 19:42:00,19,6,1,1182,0.0,161.0,314.0,419.5527950310559,835.2125,192.0
1,drink,2025-10-05 22:54:00,22,6,1,1374,0.0,353.0,506.0,419.5527950310559,835.2125,795.0
1,drink,2025-10-06 12:09:00,12,0,0,729,0.0,1148.0,1301.0,419.5527950310559,835.2125,55.0
1,drink,2025-10-06 13:04:00,13,0,0,784,0.0,1203.0,1356.0,419.5527950310559,835.2125,0.0
1,eat,2025-10-06 13:04:00,13,0,0,784,0.0,0.0,1356.0,419.5527950310559,835.2125,126.0
1,outside_in,2025-10-06 15:10:00,15,0,0,910,126.0,126.0,0.0,419.5527950310559,835.2125,45.0
1,outside_out,2025-10-06 15:55:00,15,0,0,955,171.0,171.0,45.0,419.5527950310559,835.2125,38.0
1,drink,2025-10-06 16:33:00,16,0,0,993,0.0,209.0,83.0,419.5527950310559,835.2125,30.0
1,eat,2025-10-06 17:03:00,17,0,0,1023,30.0,0.0,113.0,419.5527950310559,835.2125,0.0
1,drink,2025-10-06 17:03:00,17,0,0,1023,0.0,0.0,113.0,419.5527950310559,835.2125,186.0
1,drink,2025-10-06 20:09:00,20,0,0,1209,0.0,186.0,299.0,419.5527950310559,835.2125,197.0
1,drink,2025-10-06 23:26:00,23,0,0,1406,0.0,383.0,496.0,419.5527950310559,835.2125,756.0
1,drink,2025-10-07 12:02:00,12,1,0,722,0.0,1139.0,1252.0,419.5527950310559,835.2125,60.0
1,eat,2025-10-07 13:02:00,13,1,0,782,60.0,0.0,1312.0,419.5527950310559,835.2125,0.0
1,drink,2025-10-07 13:02:00,13,1,0,782,0.0,0.0,1312.0,419.5527950310559,835.2125,109.0
1,outside_in,2025-10-07 14:51:00,14,1,0,891,109.0,109.0,0.0,419.5527950310559,835.2125,38.0
1,outside_out,2025-10-07 15:29:00,15,1,0,929,147.0,147.0,38.0,419.5527950310559,835.2125,49.0
1,drink,2025-10-07 16:18:00,16,1,0,978,0.0,196.0,87.0,419.5527950310559,835.2125,46.0
1,eat,2025-10-07 17:04:00,17,1,0,1024,46.0,0.0,133.0,419.5527950310559,835.2125,0.0
1,drink,2025-10-07 17:04:00,17,1,0,1024,0.0,0.0,133.0,419.5527950310559,835.2125,172.0
1,drink,2025-10-07 19:56:00,19,1,0,1196,0.0,172.0,305.0,419.5527950310559,835.2125,160.0
1,drink,2025-10-07 22:36:00,22,1,0,1356,0.0,332.0,465.0,419.5527950310559,835.2125,34.0
1,eat,2025-10-07 23:10:00,23,1,0,1390,34.0,0.0,499.0,419.5527950310559,835.2125,778.0
1,drink,2025-10-08 12:08:00,12,2,0,728,0.0,778.0,1277.0,419.5527950310559,835.2125,57.0
1,eat,2025-10-08 13:05:00,13,2,0,785,57.0,0.0,1334.0,419.5527950310559,835.2125,0.0
1,drink,2025-10-08 13:05:00,13,2,0,785,0.0,0.0,1334.0,419.5527950310559,835.2125,115.0
1,outside_in,2025-10-08 15:00:00,15,2,0,900,115.0,115.0,0.0,419.5527950310559,835.2125,41.0
1,outside_out,2025-10-08 15:41:00,15,2,0,941,156.0,156.0,41.0,419.5527950310559,835.2125,43.0
1,drink,2025-10-08 16:24:00,16,2,0,984,0.0,199.0,84.0,419.5527950310559,835.2125,38.0
1,eat,2025-10-08 17:02:00,17,2,0,1022,38.0,0.0,122.0,419.5527950310559,835.2125,0.0
1,drink,2025-10-08 17:02:00,17,2,0,1022,0.0,0.0,122.0,419.5527950310559,835.2125,199.0
1,drink,2025-10-08 20:21:00,20,2,0,1221,0.0,199.0,321.0,419.5527950310559,835.2125,169.0
1,drink,2025-10-08 23:10:00,23,2,0,1390,0.0,368.0,490.0,419.5527950310559,835.2125,783.0
1,drink,2025-10-09 12:13:00,12,3,0,733,0.0,1151.0,1273.0,419.5527950310559,835.2125,54.0
1,eat,2025-10-09 13:07:00,13,3,0,787,54.0,0.0,1327.0,419.5527950310559,835.2125,0.0
1,drink,2025-10-09 13:07:00,13,3,0,787,0.0,0.0,1327.0,419.5527950310559,835.2125,89.0
1,outside_in,2025-10-09 14:36:00,14,3,0,876,89.0,89.0,0.0,419.5527950310559,835.2125,38.0
1,outside_out,2025-10-09 15:14:00,15,3,0,914,127.0,127.0,38.0,419.5527950310559,835.2125,48.0
1,drink,2025-10-09 16:02:00,16,3,0,962,0.0,175.0,86.0,419.5527950310559,835.2125,64.0
1,drink,2025-10-09 17:06:00,17,3,0,1026,0.0,239.0,150.0,419.5527950310559,835.2125,0.0
1,eat,2025-10-09 17:06:00,17,3,0,1026,0.0,0.0,150.0,419.5527950310559,835.2125,158.0
1,drink,2025-10-09 19:44:00,19,3,0,1184,0.0,158.0,308.0,419.5527950310559,835.2125,194.0
1,drink,2025-10-09 22:58:00,22,3,0,1378,0.0,352.0,502.0,419.5527950310559,835.2125,788.0
1,drink,2025-10-10 12:06:00,12,4,0,726,0.0,1140.0,1290.0,419.5527950310559,835.2125,55.0
1,eat,2025-10-10 13:01:00,13,4,0,781,55.0,0.0,1345.0,419.5527950310559,835.2125,0.0
1,drink,2025-10-10 13:01:00,13,4,0,781,0.0,0.0,1345.0,419.5527950310559,835.2125,136.0
1,outside_in,2025-10-10 15:17:00,15,4,0,917,136.0,136.0,0.0,419.5527950310559,835.2125,36.0
1,outside_out,2025-10-10 15:53:00,15,4,0,953,172.0,172.0,36.0,419.5527950310559,835.2125,46.0
1,drink,2025-10-10 16:39:00,16,4,0,999,0.0,218.0,82.0,419.5527950310559,835.2125,21.0
1,eat,2025-10-10 17:00:00,17,4,0,1020,21.0,0.0,103.0,419.5527950310559,835.2125,0.0
1,drink,2025-10-10 17:00:00,17,4,0,1020,0.0,0.0,103.0,419.5527950310559,835.2125,192.0
1,drink,2025-10-10 20:12:00,20,4,0,1212,0.0,192.0,295.0,419.5527950310559,835.2125,187.0
1,drink,2025-10-10 23:19:00,23,4,0,1399,0.0,379.0,482.0,419.5527950310559,835.2125,2.0
1,eat,2025-10-10 23:21:00,23,4,0,1401,2.0,0.0,484.0,419.5527950310559,835.2125,18.0
1,eat,2025-10-10 23:39:00,23,4,0,1419,20.0,0.0,502.0,419.5527950310559,835.2125,15123.0
1,drink,2025-10-21 11:42:00,11,1,0,702,0.0,15123.0,15625.0,419.5527950310559,835.2125,19.0
1,eat,2025-10-21 12:01:00,12,1,0,721,19.0,0.0,15644.0,419.5527950310559,835.2125,0.0
1,drink,2025-10-21 12:01:00,12,1,0,721,0.0,0.0,15644.0,419.5527950310559,835.2125,87.0
1,outside_in,2025-10-21 13:28:00,13,1,0,808,87.0,87.0,0.0,419.5527950310559,835.2125,34.0
1,outside_out,2025-10-21 14:02:00,14,1,0,842,121.0,121.0,34.0,419.5527950310559,835.2125,69.0
1,drink,2025-10-21 15:11:00,15,1,0,911,0.0,190.0,103.0,419.5527950310559,835.2125,112.0
1,eat,2025-10-21 17:03:00,17,1,0,1023,112.0,0.0,215.0,419.5527950310559,835.2125,0.0
1,drink,2025-10-21 17:03:00,17,1,0,1023,0.0,0.0,215.0,419.5527950310559,835.2125,263.0
1,eat,2025-10-21 21:26:00,21,1,0,1286,263.0,0.0,478.0,419.5527950310559,835.2125,52.0
1,drink,2025-10-21 22:18:00,22,1,0,1338,0.0,52.0,530.0,419.5527950310559,835.2125,812.0
1,drink,2025-10-22 11:50:00,11,2,0,710,0.0,864.0,1342.0,419.5527950310559,835.2125,16.0
1,drink,2025-10-22 12:06:00,12,2,0,726,0.0,880.0,1358.0,419.5527950310559,835.2125,0.0
1,eat,2025-10-22 12:06:00,12,2,0,726,0.0,0.0,1358.0,419.5527950310559,835.2125,123.0
1,outside_in,2025-10-22 14:09:00,14,2,0,849,123.0,123.0,0.0,419.5527950310559,835.2125,38.0
1,outside_out,2025-10-22 14:47:00,14,2,0,887,161.0,161.0,38.0,419.5527950310559,835.2125,75.0
1,drink,2025-10-22 16:02:00,16,2,0,962,0.0,236.0,113.0,419.5527950310559,835.2125,58.0
1,eat,2025-10-22 17:00:00,17,2,0,1020,58.0,0.0,171.0,419.5527950310559,835.2125,0.0
1,drink,2025-10-22 17:00:00,17,2,0,1020,0.0,0.0,171.0,419.5527950310559,835.2125,303.0
1,eat,2025-10-22 22:03:00,22,2,0,1323,303.0,0.0,474.0,419.5527950310559,835.2125,68.0
1,drink,2025-10-22 23:11:00,23,2,0,1391,0.0,68.0,542.0,419.5527950310559,835.2125,747.0
1,drink,2025-10-23 11:38:00,11,3,0,698,0.0,815.0,1289.0,419.5527950310559,835.2125,22.0
1,eat,2025-10-23 12:00:00,12,3,0,720,22.0,0.0,1311.0,419.5527950310559,835.2125,0.0
1,drink,2025-10-23 12:00:00,12,3,0,720,0.0,0.0,1311.0,419.5527950310559,835.2125,111.0
1,outside_in,2025-10-23 13:51:00,13,3,0,831,111.0,111.0,0.0,419.5527950310559,835.2125,42.0
1,outside_out,2025-10-23 14:33:00,14,3,0,873,153.0,153.0,42.0,419.5527950310559,835.2125,67.0
1,drink,2025-10-23 15:40:00,15,3,0,940,0.0,220.0,109.0,419.5527950310559,835.2125,85.0
1,eat,2025-10-23 17:05:00,17,3,0,1025,85.0,0.0,194.0,419.5527950310559,835.2125,0.0
1,drink,2025-10-23 17:05:00,17,3,0,1025,0.0,0.0,194.0,419.5527950310559,835.2125,249.0
1,eat,2025-10-23 21:14:00,21,3,0,1274,249.0,0.0,443.0,419.5527950310559,835.2125,92.0
1,drink,2025-10-23 22:46:00,22,3,0,1366,0.0,92.0,535.0,419.5527950310559,835.2125,790.0
1,drink,2025-10-24 11:56:00,11,4,0,716,0.0,882.0,1325.0,419.5527950310559,835.2125,13.0
1,eat,2025-10-24 12:09:00,12,4,0,729,13.0,0.0,1338.0,419.5527950310559,835.2125,0.0
1,drink,2025-10-24 12:09:00,12,4,0,729,0.0,0.0,1338.0,419.5527950310559,835.2125,133.0
1,outside_in,2025-10-24 14:22:00,14,4,0,862,133.0,133.0,0.0,419.5527950310559,835.2125,37.0
1,outside_out,2025-10-24 14:59:00,14,4,0,899,170.0,170.0,37.0,419.5527950310559,835.2125,79.0
1,drink,2025-10-24 16:18:00,16,4,0,978,0.0,249.0,116.0,419.5527950310559,835.2125,44.0
1,eat,2025-10-24 17:02:00,17,4,0,1022,44.0,0.0,160.0,419.5527950310559,835.2125,0.0
1,drink,2025-10-24 17:02:00,17,4,0,1022,0.0,0.0,160.0,419.5527950310559,835.2125,329.0
1,eat,2025-10-24 22:31:00,22,4,0,1351,329.0,0.0,489.0,419.5527950310559,835.2125,53.0
1,drink,2025-10-24 23:24:00,23,4,0,1404,0.0,53.0,542.0,419.5527950310559,835.2125,743.0
1,drink,2025-10-25 11:47:00,11,5,1,707,0.0,796.0,1285.0,419.5527950310559,835.2125,16.0
1,eat,2025-10-25 12:03:00,12,5,1,723,16.0,0.0,1301.0,419.5527950310559,835.2125,0.0
1,drink,2025-10-25 12:03:00,12,5,1,723,0.0,0.0,1301.0,419.5527950310559,835.2125,101.0
1,outside_in,2025-10-25 13:44:00,13,5,1,824,101.0,101.0,0.0,419.5527950310559,835.2125,37.0
1,outside_out,2025-10-25 14:21:00,14,5,1,861,138.0,138.0,37.0,419.5527950310559,835.2125,95.0
1,drink,2025-10-25 15:56:00,15,5,1,956,0.0,233.0,132.0,419.5527950310559,835.2125,65.0
1,eat,2025-10-25 17:01:00,17,5,1,1021,65.0,0.0,197.0,419.5527950310559,835.2125,0.0
1,drink,2025-10-25 17:01:00,17,5,1,1021,0.0,0.0,197.0,419.5527950310559,835.2125,248.0
1,eat,2025-10-25 21:09:00,21,5,1,1269,248.0,0.0,445.0,419.5527950310559,835.2125,103.0
1,drink,2025-10-25 22:52:00,22,5,1,1372,0.0,103.0,548.0,419.5527950310559,835.2125,769.0
1,drink,2025-10-26 11:41:00,11,6,1,701,0.0,872.0,1317.0,419.5527950310559,835.2125,26.0
1,drink,2025-10-26 12:07:00,12,6,1,727,0.0,898.0,1343.0,419.5527950310559,835.2125,0.0
1,eat,2025-10-26 12:07:00,12,6,1,727,0.0,0.0,1343.0,419.5527950310559,835.2125,131.0
1,outside_in,2025-10-26 14:18:00,14,6,1,858,131.0,131.0,0.0,419.5527950310559,835.2125,37.0
1,outside_out,2025-10-26 14:55:00,14,6,1,895,168.0,168.0,37.0,419.5527950310559,835.2125,74.0
1,drink,2025-10-26 16:09:00,16,6,1,969,0.0,242.0,111.0,419.5527950310559,835.2125,55.0
1,eat,2025-10-26 17:04:00,17,6,1,1024,55.0,0.0,166.0,419.5527950310559,835.2125,0.0
1,drink,2025-10-26 17:04:00,17,6,1,1024,0.0,0.0,166.0,419.5527950310559,835.2125,308.0
1,eat,2025-10-26 22:12:00,22,6,1,1332,308.0,0.0,474.0,419.5527950310559,835.2125,54.0
1,drink,2025-10-26 23:06:00,23,6,1,1386,0.0,54.0,528.0,419.5527950310559,835.2125,767.0
1,drink,2025-10-27 11:53:00,11,0,0,713,0.0,821.0,1295.0,419.5527950310559,835.2125,12.0
1,drink,2025-10-27 12:05:00,12,0,0,725,0.0,833.0,1307.0,419.5527950310559,835.2125,0.0
1,eat,2025-10-27 12:05:00,12,0,0,725,0.0,0.0,1307.0,419.5527950310559,835.2125,114.0
1,outside_in,2025-10-27 13:59:00,13,0,0,839,114.0,114.0,0.0,419.5527950310559,835.2125,35.0
1,outside_out,2025-10-27 14:34:00,14,0,0,874,149.0,149.0,35.0,419.5527950310559,835.2125,74.0
1,drink,2025-10-27 15:48:00,15,0,0,948,0.0,223.0,109.0,419.5527950310559,835.2125,72.0
1,eat,2025-10-27 17:00:00,17,0,0,1020,72.0,0.0,181.0,419.5527950310559,835.2125,0.0
1,drink,2025-10-27 17:00:00,17,0,0,1020,0.0,0.0,181.0,419.5527950310559,835.2125,281.0
1,eat,2025-10-27 21:41:00,21,0,0,1301,281.0,0.0,462.0,419.5527950310559,835.2125,76.0
1,drink,2025-10-27 22:57:00,22,0,0,1377,0.0,76.0,538.0,419.5527950310559,835.2125,759.0
1,drink,2025-10-28 11:36:00,11,1,0,696,0.0,835.0,1297.0,419.5527950310559,835.2125,26.0
1,drink,2025-10-28 12:02:00,12,1,0,722,0.0,861.0,1323.0,419.5527950310559,835.2125,0.0
1,eat,2025-10-28 12:02:00,12,1,0,722,0.0,0.0,1323.0,419.5527950310559,835.2125,129.0
1,outside_in,2025-10-28 14:11:00,14,1,0,851,129.0,129.0,0.0,419.5527950310559,835.2125,38.0
1,outside_out,2025-10-28 14:49:00,14,1,0,889,167.0,167.0,38.0,419.5527950310559,835.2125,92.0
1,drink,2025-10-28 16:21:00,16,1,0,981,0.0,259.0,130.0,419.5527950310559,835.2125,45.0
1,eat,2025-10-28 17:06:00,17,1,0,1026,45.0,0.0,175.0,419.5527950310559,835.2125,0.0
1,drink,2025-10-28 17:06:00,17,1,0,1026,0.0,0.0,175.0,419.5527950310559,835.2125,312.0
1,eat,2025-10-28 22:18:00,22,1,0,1338,312.0,0.0,487.0,419.5527950310559,835.2125,51.0
1,drink,2025-10-28 23:09:00,23,1,0,1389,0.0,51.0,538.0,419.5527950310559,835.2125,759.0
1,drink,2025-10-29 11:48:00,11,2,0,708,0.0,810.0,1297.0,419.5527950310559,835.2125,20.0
1,eat,2025-10-29 12:08:00,12,2,0,728,20.0,0.0,1317.0,419.5527950310559,835.2125,0.0
1,drink,2025-10-29 12:08:00,12,2,0,728,0.0,0.0,1317.0,419.5527950310559,835.2125,89.0
1,outside_in,2025-10-29 13:37:00,13,2,0,817,89.0,89.0,0.0,419.5527950310559,835.2125,33.0
1,outside_out,2025-10-29 14:10:00,14,2,0,850,122.0,122.0,33.0,419.5527950310559,835.2125,82.0
1,drink,2025-10-29 15:32:00,15,2,0,932,0.0,204.0,115.0,419.5527950310559,835.2125,90.0
1,eat,2025-10-29 17:02:00,17,2,0,1022,90.0,0.0,205.0,419.5527950310559,835.2125,0.0
1,drink,2025-10-29 17:02:00,17,2,0,1022,0.0,0.0,205.0,419.5527950310559,835.2125,293.0
1,eat,2025-10-29 21:55:00,21,2,0,1315,293.0,0.0,498.0,419.5527950310559,835.2125,48.0
1,drink,2025-10-29 22:43:00,22,2,0,1363,0.0,48.0,546.0,419.5527950310559,835.2125,781.0
1,drink,2025-10-30 11:44:00,11,3,0,704,0.0,829.0,1327.0,419.5527950310559,835.2125,20.0
1,eat,2025-10-30 12:04:00,12,3,0,724,20.0,0.0,1347.0,419.5527950310559,835.2125,0.0
1,drink,2025-10-30 12:04:00,12,3,0,724,0.0,0.0,1347.0,419.5527950310559,835.2125,122.0
1,outside_in,2025-10-30 14:06:00,14,3,0,846,122.0,122.0,0.0,419.5527950310559,835.2125,35.0
1,outside_out,2025-10-30 14:41:00,14,3,0,881,157.0,157.0,35.0,419.5527950310559,835.2125,92.0
1,drink,2025-10-30 16:13:00,16,3,0,973,0.0,249.0,127.0,419.5527950310559,835.2125,48.0
1,eat,2025-10-30 17:01:00,17,3,0,1021,48.0,0.0,175.0,419.5527950310559,835.2125,0.0
1,drink,2025-10-30 17:01:00,17,3,0,1021,0.0,0.0,175.0,419.5527950310559,835.2125,306.0
1,eat,2025-10-30 22:07:00,22,3,0,1327,306.0,0.0,481.0,419.5527950310559,835.2125,71.0
1,drink,2025-10-30 23:18:00,23,3,0,1398,0.0,71.0,552.0,419.5527950310559,835.2125,
