user_id,activity,timestamp
1,eat,2018-09-01 07:02:00
1,drink,2018-09-01 10:55:00
1,drink,2018-09-01 15:29:00
1,drink,2018-09-01 15:32:00
1,drink,2018-09-01 16:08:00
1,eat,2018-09-01 16:53:00
1,drink,2018-09-01 17:23:00
1,eat,2018-09-01 17:48:00
1,drink,2018-09-01 18:01:00
1,drink,2018-09-01 18:31:00
1,drink,2018-09-01 18:50:00
1,drink,2018-09-01 19:14:00
1,eat,2018-09-01 21:00:00
1,drink,2018-09-02 07:07:00
1,eat,2018-09-02 07:26:00
1,drink,2018-09-02 09:18:00
1,drink,2018-09-02 13:29:00
1,eat,2018-09-02 16:03:00
1,drink,2018-09-02 16:10:00
1,eat,2018-09-02 16:30:00
1,drink,2018-09-02 17:52:00
1,eat,2018-09-02 19:48:00
1,drink,2018-09-02 21:24:00
1,drink,2018-09-03 11:42:00
1,drink,2018-09-03 12:56:00
1,eat,2018-09-03 14:51:00
1,drink,2018-09-03 15:05:00
1,drink,2018-09-03 17:12:00
1,drink,2018-09-03 18:14:00
1,drink,2018-09-03 19:13:00
1,drink,2018-09-03 19:18:00
1,eat,2018-09-03 20:36:00
1,drink,2018-09-03 20:47:00
1,eat,2018-09-03 21:23:00
1,drink,2018-09-03 21:33:00
1,eat,2018-09-04 11:54:00
1,drink,2018-09-04 12:37:00
1,drink,2018-09-04 12:53:00
1,eat,2018-09-04 13:22:00
1,drink,2018-09-04 13:34:00
1,drink,2018-09-04 13:55:00
1,drink,2018-09-04 15:03:00
1,eat,2018-09-04 17:37:00
1,drink,2018-09-04 18:54:00
1,drink,2018-09-04 18:57:00
1,drink,2018-09-04 19:13:00
1,eat,2018-09-04 20:42:00
1,drink,2018-09-04 22:25:00
1,drink,2018-09-04 22:29:00
1,eat,2018-09-04 22:58:00
1,drink,2018-09-04 23:05:00
1,drink,2018-09-04 23:18:00
1,drink,2018-09-05 07:39:00
1,drink,2018-09-05 07:39:00
1,drink,2018-09-05 09:30:00
1,eat,2018-09-05 12:55:00
1,drink,2018-09-05 13:39:00
1,drink,2018-09-05 15:06:00
1,drink,2018-09-05 15:40:00
1,drink,2018-09-05 15:55:00
1,eat,2018-09-05 19:04:00
1,drink,2018-09-05 20:09:00
1,eat,2018-09-05 21:53:00
1,drink,2018-09-05 22:38:00
1,drink,2018-09-05 23:41:00
1,drink,2018-09-05 23:55:00
1,drink,2018-09-06 08:35:00
1,drink,2018-09-06 09:38:00
1,drink,2018-09-06 10:15:00
1,drink,2018-09-06 13:30:00
1,drink,2018-09-06 14:49:00
1,eat,2018-09-06 15:10:00
1,drink,2018-09-06 15:23:00
1,eat,2018-09-06 15:58:00
1,drink,2018-09-06 18:36:00
1,drink,2018-09-06 19:05:00
1,drink,2018-09-06 19:20:00
1,eat,2018-09-06 19:46:00
1,drink,2018-09-06 20:19:00
1,drink,2018-09-06 21:17:00
1,eat,2018-09-06 21:22:00
1,eat,2018-09-06 22:00:00
1,eat,2018-09-07 07:25:00
1,eat,2018-09-07 07:40:00
1,drink,2018-09-07 07:41:00
1,eat,2018-09-07 07:45:00
1,drink,2018-09-07 08:48:00
1,drink,2018-09-07 09:16:00
1,drink,2018-09-07 11:43:00
1,drink,2018-09-07 15:09:00
1,drink,2018-09-07 15:22:00
1,eat,2018-09-07 16:15:00
1,drink,2018-09-07 17:25:00
1,drink,2018-09-08 08:43:00
1,drink,2018-09-08 09:55:00
1,drink,2018-09-08 10:25:00
1,eat,2018-09-08 14:49:00
1,drink,2018-09-08 15:07:00
1,eat,2018-09-08 16:21:00
1,eat,2018-09-08 16:32:00
1,drink,2018-09-08 19:47:00
1,drink,2018-09-08 19:59:00
1,eat,2018-09-08 20:56:00
1,drink,2018-09-08 22:54:00
1,drink,2018-09-09 08:26:00
1,eat,2018-09-09 14:49:00
1,drink,2018-09-09 15:49:00
1,drink,2018-09-09 16:36:00
1,eat,2018-09-09 17:30:00
1,drink,2018-09-09 20:35:00
1,eat,2018-09-09 21:00:00
1,drink,2018-09-09 22:17:00
1,drink,2018-09-09 23:14:00
1,eat,2018-09-10 07:32:00
1,eat,2018-09-10 11:04:00
1,drink,2018-09-10 12:45:00
1,drink,2018-09-10 12:55:00
1,drink,2018-09-10 13:32:00
1,drink,2018-09-10 13:34:00
1,drink,2018-09-10 13:37:00
1,drink,2018-09-10 13:46:00
1,eat,2018-09-10 14:54:00
1,drink,2018-09-10 16:19:00
1,eat,2018-09-10 20:12:00
1,eat,2018-09-10 20:24:00
1,drink,2018-09-10 20:58:00
1,drink,2018-09-10 21:38:00
1,drink,2018-09-10 21:58:00
1,drink,2018-09-11 09:05:00
1,drink,2018-09-11 09:12:00
1,eat,2018-09-11 09:53:00
1,drink,2018-09-11 11:06:00
1,eat,2018-09-11 11:09:00
1,drink,2018-09-11 11:58:00
1,eat,2018-09-11 12:23:00
1,drink,2018-09-11 15:37:00
1,drink,2018-09-11 16:45:00
1,drink,2018-09-11 17:12:00
1,drink,2018-09-11 18:17:00
1,eat,2018-09-11 18:33:00
1,drink,2018-09-11 19:28:00
1,eat,2018-09-11 20:11:00
1,drink,2018-09-11 22:40:00
1,drink,2018-09-11 23:06:00
1,drink,2018-09-11 23:37:00
1,eat,2018-09-12 08:12:00
1,eat,2018-09-12 09:01:00
1,drink,2018-09-12 09:29:00
1,drink,2018-09-12 09:36:00
1,drink,2018-09-12 10:14:00
1,drink,2018-09-12 13:05:00
1,eat,2018-09-12 17:26:00
1,drink,2018-09-12 19:57:00
1,drink,2018-09-12 21:36:00
1,drink,2018-09-12 23:22:00
1,eat,2018-09-13 08:18:00
1,drink,2018-09-13 08:47:00
1,drink,2018-09-13 11:39:00
1,eat,2018-09-13 13:13:00
1,drink,2018-09-13 16:29:00
1,drink,2018-09-13 16:31:00
1,drink,2018-09-13 17:37:00
1,drink,2018-09-13 18:30:00
1,drink,2018-09-13 19:39:00
1,drink,2018-09-13 19:45:00
1,drink,2018-09-13 20:17:00
1,drink,2018-09-13 20:19:00
1,drink,2018-09-13 20:45:00
1,eat,2018-09-13 21:38:00
1,eat,2018-09-13 22:12:00
1,drink,2018-09-13 22:26:00
1,eat,2018-09-14 12:39:00
1,drink,2018-09-14 13:44:00
1,drink,2018-09-14 14:25:00
1,drink,2018-09-14 17:40:00
1,eat,2018-09-14 19:29:00
1,drink,2018-09-14 19:53:00
1,eat,2018-09-14 19:55:00
1,drink,2018-09-14 20:39:00
1,drink,2018-09-14 21:13:00
1,drink,2018-09-14 21:14:00
1,drink,2018-09-14 21:42:00
1,drink,2018-09-14 22:24:00
1,drink,2018-09-14 22:35:00
1,drink,2018-09-15 09:47:00
1,drink,2018-09-15 11:09:00
1,drink,2018-09-15 12:19:00
1,drink,2018-09-15 14:17:00
1,eat,2018-09-15 14:17:00
1,drink,2018-09-15 15:17:00
1,eat,2018-09-15 16:47:00
1,drink,2018-09-15 17:28:00
1,drink,2018-09-15 20:17:00
1,eat,2018-09-15 20:19:00
1,drink,2018-09-15 21:29:00
1,drink,2018-09-16 07:32:00
1,eat,2018-09-16 07:38:00
1,eat,2018-09-16 07:46:00
1,drink,2018-09-16 08:13:00
1,drink,2018-09-16 11:13:00
1,drink,2018-09-16 16:29:00
1,drink,2018-09-16 17:02:00
1,drink,2018-09-16 22:30:00
1,eat,2018-09-17 09:19:00
1,eat,2018-09-17 10:04:00
1,drink,2018-09-17 10:44:00
1,eat,2018-09-17 13:39:00
1,eat,2018-09-17 14:31:00
1,drink,2018-09-17 15:44:00
1,drink,2018-09-17 17:07:00
1,drink,2018-09-17 18:52:00
1,eat,2018-09-17 19:25:00
1,drink,2018-09-17 19:31:00
1,drink,2018-09-17 21:43:00
1,drink,2018-09-17 21:43:00
1,drink,2018-09-17 22:39:00
1,drink,2018-09-17 23:01:00
1,drink,2018-09-18 07:48:00
1,drink,2018-09-18 09:17:00
1,drink,2018-09-18 10:26:00
1,drink,2018-09-18 14:15:00
1,drink,2018-09-18 15:12:00
1,drink,2018-09-18 15:23:00
1,drink,2018-09-18 15:42:00
1,eat,2018-09-18 16:28:00
1,drink,2018-09-18 17:08:00
1,eat,2018-09-18 18:05:00
1,drink,2018-09-18 19:06:00
1,eat,2018-09-18 20:34:00
1,drink,2018-09-18 22:07:00
1,eat,2018-09-18 22:48:00
1,drink,2018-09-19 10:30:00
1,drink,2018-09-19 11:33:00
1,drink,2018-09-19 12:35:00
1,drink,2018-09-19 14:08:00
1,drink,2018-09-19 14:15:00
1,drink,2018-09-19 14:30:00
1,drink,2018-09-19 15:23:00
1,drink,2018-09-19 15:40:00
1,eat,2018-09-19 16:25:00
1,drink,2018-09-19 17:03:00
1,eat,2018-09-19 18:42:00
1,drink,2018-09-19 19:45:00
1,eat,2018-09-19 22:45:00
1,drink,2018-09-19 23:50:00
1,eat,2018-09-20 07:02:00
1,drink,2018-09-20 07:19:00
1,drink,2018-09-20 07:48:00
1,eat,2018-09-20 10:32:00
1,drink,2018-09-20 14:56:00
1,drink,2018-09-20 15:15:00
1,drink,2018-09-20 16:00:00
1,drink,2018-09-20 16:49:00
1,drink,2018-09-20 18:13:00
1,drink,2018-09-20 18:43:00
1,drink,2018-09-20 19:34:00
1,eat,2018-09-20 20:13:00
1,drink,2018-09-20 21:23:00
1,drink,2018-09-20 21:37:00
1,drink,2018-09-20 23:59:00
1,drink,2018-09-21 07:35:00
1,drink,2018-09-21 08:39:00
1,drink,2018-09-21 08:50:00
1,eat,2018-09-21 09:04:00
1,eat,2018-09-21 09:23:00
1,drink,2018-09-21 09:32:00
1,eat,2018-09-21 10:41:00
1,drink,2018-09-21 11:10:00
1,eat,2018-09-21 12:03:00
1,drink,2018-09-21 13:09:00
1,drink,2018-09-21 19:00:00
1,drink,2018-09-21 20:20:00
1,drink,2018-09-21 21:18:00
1,drink,2018-09-21 21:24:00
1,drink,2018-09-21 21:48:00
1,eat,2018-09-22 13:08:00
1,drink,2018-09-22 13:24:00
1,eat,2018-09-22 16:12:00
1,drink,2018-09-22 17:11:00
1,drink,2018-09-22 17:43:00
1,eat,2018-09-22 20:19:00
1,drink,2018-09-22 20:23:00
1,drink,2018-09-22 20:30:00
1,drink,2018-09-22 22:07:00
1,eat,2018-09-22 22:07:00
1,drink,2018-09-22 23:39:00
1,drink,2018-09-23 08:43:00
1,drink,2018-09-23 10:59:00
1,drink,2018-09-23 12:03:00
1,eat,2018-09-23 15:24:00
1,drink,2018-09-23 16:13:00
1,drink,2018-09-23 18:09:00
1,drink,2018-09-23 18:21:00
1,eat,2018-09-23 18:59:00
1,drink,2018-09-23 20:25:00
1,drink,2018-09-23 23:11:00
1,eat,2018-09-24 07:40:00
1,eat,2018-09-24 08:45:00
1,drink,2018-09-24 09:37:00
1,eat,2018-09-24 09:37:00
1,drink,2018-09-24 11:45:00
1,eat,2018-09-24 13:08:00
1,drink,2018-09-24 13:51:00
1,drink,2018-09-24 14:27:00
1,drink,2018-09-24 15:59:00
1,eat,2018-09-24 16:35:00
1,drink,2018-09-24 18:58:00
1,drink,2018-09-24 19:20:00
1,drink,2018-09-24 20:23:00
1,drink,2018-09-24 20:32:00
1,drink,2018-09-24 21:35:00
1,drink,2018-09-25 07:46:00
1,drink,2018-09-25 08:46:00
1,drink,2018-09-25 13:00:00
1,drink,2018-09-25 15:31:00
1,eat,2018-09-25 15:54:00
1,eat,2018-09-25 16:33:00
1,drink,2018-09-25 16:53:00
1,eat,2018-09-25 17:32:00
1,drink,2018-09-25 19:24:00
1,drink,2018-09-25 20:33:00
1,drink,2018-09-25 23:33:00
1,drink,2018-09-26 07:22:00
1,drink,2018-09-26 10:51:00
1,drink,2018-09-26 14:09:00
1,drink,2018-09-26 15:25:00
1,drink,2018-09-26 17:58:00
1,eat,2018-09-26 18:00:00
1,drink,2018-09-26 18:17:00
1,drink,2018-09-26 19:08:00
1,eat,2018-09-26 22:13:00
1,eat,2018-09-26 22:31:00
1,drink,2018-09-26 23:16:00
1,eat,2018-09-27 07:53:00
1,drink,2018-09-27 08:13:00
1,drink,2018-09-27 09:10:00
1,drink,2018-09-27 10:17:00
1,drink,2018-09-27 13:19:00
1,eat,2018-09-27 13:38:00
1,eat,2018-09-27 14:34:00
1,drink,2018-09-27 14:38:00
1,drink,2018-09-27 15:19:00
1,drink,2018-09-27 15:41:00
1,drink,2018-09-27 18:03:00
1,drink,2018-09-27 18:07:00
1,drink,2018-09-28 07:28:00
1,eat,2018-09-28 10:13:00
1,drink,2018-09-28 11:42:00
1,drink,2018-09-28 11:42:00
1,drink,2018-09-28 13:43:00
1,drink,2018-09-28 15:32:00
1,drink,2018-09-28 15:42:00
1,drink,2018-09-28 17:12:00
1,eat,2018-09-28 18:01:00
1,eat,2018-09-28 18:06:00
1,drink,2018-09-28 18:28:00
1,drink,2018-09-28 20:29:00
1,drink,2018-09-28 21:22:00
1,drink,2018-09-28 22:56:00
1,drink,2018-09-29 07:14:00
1,drink,2018-09-29 08:10:00
1,eat,2018-09-29 08:43:00
1,drink,2018-09-29 10:50:00
1,eat,2018-09-29 11:09:00
1,drink,2018-09-29 11:44:00
1,drink,2018-09-29 12:19:00
1,drink,2018-09-29 14:31:00
1,drink,2018-09-29 15:45:00
1,eat,2018-09-29 16:57:00
1,drink,2018-09-29 18:13:00
1,drink,2018-09-30 11:29:00
1,eat,2018-09-30 13:02:00
1,eat,2018-09-30 13:40:00
1,drink,2018-09-30 13:59:00
1,eat,2018-09-30 18:34:00
1,drink,2018-09-30 18:38:00
1,drink,2018-09-30 19:28:00
1,drink,2018-09-30 21:55:00
1,drink,2018-09-30 22:40:00
1,drink,2018-09-30 23:40:00
1,drink,2018-10-01 07:57:00
1,eat,2018-10-01 08:11:00
1,drink,2018-10-01 08:46:00
1,drink,2018-10-01 09:46:00
1,eat,2018-10-01 09:54:00
1,drink,2018-10-01 11:01:00
1,eat,2018-10-01 11:07:00
1,drink,2018-10-01 11:21:00
1,drink,2018-10-01 12:03:00
1,eat,2018-10-01 18:53:00
1,drink,2018-10-01 19:56:00
1,drink,2018-10-02 07:21:00
1,drink,2018-10-02 07:22:00
1,eat,2018-10-02 07:39:00
1,drink,2018-10-02 07:42:00
1,drink,2018-10-02 09:32:00
1,drink,2018-10-02 10:03:00
1,drink,2018-10-02 12:14:00
1,eat,2018-10-02 14:09:00
1,drink,2018-10-02 15:32:00
1,eat,2018-10-02 17:00:00
1,drink,2018-10-02 20:37:00
1,drink,2018-10-02 20:43:00
1,eat,2018-10-02 21:54:00
1,drink,2018-10-03 07:49:00
1,drink,2018-10-03 08:56:00
1,drink,2018-10-03 09:29:00
1,eat,2018-10-03 10:50:00
1,eat,2018-10-03 10:52:00
1,drink,2018-10-03 10:56:00
1,drink,2018-10-03 12:36:00
1,eat,2018-10-03 16:07:00
1,drink,2018-10-03 17:57:00
1,drink,2018-10-03 20:31:00
1,eat,2018-10-03 20:47:00
1,drink,2018-10-03 20:56:00
1,eat,2018-10-03 21:44:00
1,drink,2018-10-03 21:56:00
1,drink,2018-10-03 22:58:00
1,drink,2018-10-03 23:00:00
1,drink,2018-10-04 07:07:00
1,eat,2018-10-04 10:00:00
1,drink,2018-10-04 11:05:00
1,drink,2018-10-04 12:40:00
1,drink,2018-10-04 14:11:00
1,drink,2018-10-04 14:11:00
1,drink,2018-10-04 15:05:00
1,drink,2018-10-04 17:09:00
1,eat,2018-10-04 17:16:00
1,drink,2018-10-04 18:37:00
1,drink,2018-10-04 18:49:00
1,eat,2018-10-04 19:01:00
1,drink,2018-10-04 20:13:00
1,eat,2018-10-04 21:01:00
1,drink,2018-10-04 21:07:00
1,drink,2018-10-05 07:49:00
1,drink,2018-10-05 08:46:00
1,drink,2018-10-05 09:33:00
1,drink,2018-10-05 09:53:00
1,eat,2018-10-05 12:40:00
1,drink,2018-10-05 13:12:00
1,eat,2018-10-05 13:51:00
1,drink,2018-10-05 14:08:00
1,eat,2018-10-05 18:20:00
1,drink,2018-10-05 18:37:00
1,drink,2018-10-05 19:58:00
1,drink,2018-10-05 20:55:00
1,eat,2018-10-06 07:58:00
1,eat,2018-10-06 08:15:00
1,drink,2018-10-06 09:30:00
1,drink,2018-10-06 10:02:00
1,eat,2018-10-06 11:59:00
1,drink,2018-10-06 14:06:00
1,drink,2018-10-06 15:06:00
1,eat,2018-10-06 15:53:00
1,drink,2018-10-06 17:28:00
1,drink,2018-10-06 20:40:00
1,drink,2018-10-06 23:03:00
1,drink,2018-10-07 08:45:00
1,drink,2018-10-07 09:31:00
1,drink,2018-10-07 11:44:00
1,eat,2018-10-07 12:51:00
1,drink,2018-10-07 14:22:00
1,drink,2018-10-07 15:08:00
1,eat,2018-10-07 16:45:00
1,drink,2018-10-07 16:56:00
1,drink,2018-10-07 18:41:00
1,drink,2018-10-07 20:58:00
1,drink,2018-10-08 08:53:00
1,eat,2018-10-08 09:53:00
1,drink,2018-10-08 10:09:00
1,eat,2018-10-08 10:17:00
1,drink,2018-10-08 10:58:00
1,drink,2018-10-08 13:22:00
1,drink,2018-10-08 14:21:00
1,eat,2018-10-08 17:10:00
1,drink,2018-10-08 17:50:00
1,drink,2018-10-08 18:07:00
1,drink,2018-10-08 21:25:00
1,drink,2018-10-08 21:31:00
1,eat,2018-10-09 07:39:00
1,eat,2018-10-09 09:39:00
1,drink,2018-10-09 10:01:00
1,drink,2018-10-09 12:13:00
1,drink,2018-10-09 14:51:00
1,drink,2018-10-09 16:14:00
1,drink,2018-10-09 17:16:00
1,eat,2018-10-09 18:00:00
1,drink,2018-10-09 18:42:00
1,eat,2018-10-09 19:20:00
1,drink,2018-10-09 23:18:00
1,drink,2018-10-09 23:55:00
1,drink,2018-10-10 07:03:00
1,drink,2018-10-10 07:29:00
1,drink,2018-10-10 09:52:00
1,eat,2018-10-10 14:23:00
1,eat,2018-10-10 16:11:00
1,drink,2018-10-10 16:13:00
1,eat,2018-10-10 16:36:00
1,eat,2018-10-10 16:43:00
1,drink,2018-10-10 16:53:00
1,drink,2018-10-10 20:10:00
1,drink,2018-10-10 20:58:00
1,drink,2018-10-10 21:18:00
1,eat,2018-10-10 21:34:00
1,drink,2018-10-10 22:15:00
1,drink,2018-10-11 08:31:00
1,drink,2018-10-11 08:57:00
1,drink,2018-10-11 10:55:00
1,drink,2018-10-11 13:49:00
1,eat,2018-10-11 13:52:00
1,eat,2018-10-11 15:55:00
1,drink,2018-10-11 16:15:00
1,drink,2018-10-11 17:22:00
1,drink,2018-10-11 19:01:00
1,eat,2018-10-11 19:01:00
1,drink,2018-10-11 19:11:00
1,drink,2018-10-11 21:28:00
1,eat,2018-10-11 21:28:00
1,eat,2018-10-11 21:53:00
1,drink,2018-10-11 23:34:00
1,drink,2018-10-12 07:27:00
1,drink,2018-10-12 07:46:00
1,drink,2018-10-12 07:54:00
1,eat,2018-10-12 10:20:00
1,drink,2018-10-12 11:20:00
1,drink,2018-10-12 12:07:00
1,eat,2018-10-12 12:17:00
1,drink,2018-10-12 12:54:00
1,drink,2018-10-12 13:41:00
1,eat,2018-10-12 15:45:00
1,drink,2018-10-12 16:38:00
1,drink,2018-10-12 21:51:00
1,drink,2018-10-12 22:17:00
1,drink,2018-10-12 23:10:00
1,drink,2018-10-13 09:21:00
1,eat,2018-10-13 09:44:00
1,drink,2018-10-13 11:42:00
1,eat,2018-10-13 14:13:00
1,drink,2018-10-13 14:55:00
1,drink,2018-10-13 15:31:00
1,drink,2018-10-13 18:12:00
1,eat,2018-10-13 22:18:00
1,drink,2018-10-13 22:50:00
1,eat,2018-10-13 22:54:00
1,drink,2018-10-14 07:54:00
1,drink,2018-10-14 08:09:00
1,drink,2018-10-14 11:12:00
1,eat,2018-10-14 11:14:00
1,drink,2018-10-14 13:39:00
1,drink,2018-10-14 14:07:00
1,eat,2018-10-14 14:50:00
1,eat,2018-10-14 15:22:00
1,drink,2018-10-14 15:34:00
1,eat,2018-10-14 17:34:00
1,drink,2018-10-14 19:53:00
1,eat,2018-10-15 07:00:00
1,drink,2018-10-15 08:11:00
1,drink,2018-10-15 08:18:00
1,eat,2018-10-15 08:21:00
1,drink,2018-10-15 09:14:00
1,drink,2018-10-15 12:15:00
1,eat,2018-10-15 12:31:00
1,drink,2018-10-15 13:03:00
1,eat,2018-10-15 13:34:00
1,drink,2018-10-15 13:43:00
1,drink,2018-10-15 18:48:00
1,drink,2018-10-15 19:04:00
1,eat,2018-10-15 20:40:00
1,drink,2018-10-15 21:07:00
1,drink,2018-10-15 23:53:00
1,drink,2018-10-16 09:08:00
1,drink,2018-10-16 10:13:00
1,drink,2018-10-16 11:06:00
1,drink,2018-10-16 11:08:00
1,drink,2018-10-16 17:24:00
1,drink,2018-10-16 17:35:00
1,drink,2018-10-16 17:44:00
1,eat,2018-10-16 19:41:00
1,drink,2018-10-16 20:15:00
1,drink,2018-10-16 21:18:00
1,eat,2018-10-16 21:28:00
1,eat,2018-10-16 21:30:00
1,drink,2018-10-16 23:16:00
1,drink,2018-10-17 07:18:00
1,drink,2018-10-17 07:32:00
1,eat,2018-10-17 08:55:00
1,drink,2018-10-17 09:10:00
1,eat,2018-10-17 09:24:00
1,drink,2018-10-17 09:53:00
1,drink,2018-10-17 10:58:00
1,eat,2018-10-17 11:46:00
1,drink,2018-10-17 17:10:00
1,drink,2018-10-17 17:51:00
1,drink,2018-10-17 18:25:00
1,eat,2018-10-17 20:42:00
1,drink,2018-10-17 20:54:00
1,eat,2018-10-17 22:44:00
1,drink,2018-10-18 07:22:00
1,eat,2018-10-18 09:11:00
1,eat,2018-10-18 11:25:00
1,eat,2018-10-18 12:00:00
1,drink,2018-10-18 13:15:00
1,drink,2018-10-18 13:20:00
1,eat,2018-10-18 14:26:00
1,drink,2018-10-18 16:49:00
1,drink,2018-10-18 19:01:00
1,eat,2018-10-18 20:18:00
1,drink,2018-10-18 20:56:00
1,drink,2018-10-18 23:38:00
1,eat,2018-10-19 07:36:00
1,eat,2018-10-19 09:24:00
1,drink,2018-10-19 10:06:00
1,drink,2018-10-19 10:10:00
1,drink,2018-10-19 10:47:00
1,drink,2018-10-19 13:35:00
1,eat,2018-10-19 14:04:00
1,drink,2018-10-19 14:22:00
1,drink,2018-10-19 14:36:00
1,drink,2018-10-19 16:23:00
1,drink,2018-10-19 17:30:00
1,drink,2018-10-19 17:30:00
1,drink,2018-10-19 19:06:00
1,eat,2018-10-19 19:21:00
1,drink,2018-10-20 08:13:00
1,drink,2018-10-20 10:34:00
1,drink,2018-10-20 11:27:00
1,drink,2018-10-20 13:18:00
1,drink,2018-10-20 14:07:00
1,drink,2018-10-20 14:14:00
1,eat,2018-10-20 17:13:00
1,eat,2018-10-20 20:53:00
1,drink,2018-10-20 21:26:00
1,eat,2018-10-20 22:52:00
1,drink,2018-10-21 07:59:00
1,drink,2018-10-21 12:31:00
1,drink,2018-10-21 12:35:00
1,drink,2018-10-21 13:40:00
1,drink,2018-10-21 14:06:00
1,eat,2018-10-21 15:44:00
1,drink,2018-10-21 16:21:00
1,eat,2018-10-21 16:45:00
1,drink,2018-10-21 19:15:00
1,drink,2018-10-21 20:00:00
1,drink,2018-10-21 22:38:00
1,drink,2018-10-22 07:38:00
1,drink,2018-10-22 07:44:00
1,eat,2018-10-22 10:20:00
1,eat,2018-10-22 12:47:00
1,drink,2018-10-22 15:00:00
1,drink,2018-10-22 15:54:00
1,drink,2018-10-22 16:37:00
1,eat,2018-10-22 17:59:00
1,drink,2018-10-22 18:58:00
1,eat,2018-10-22 19:15:00
1,drink,2018-10-22 19:18:00
1,drink,2018-10-22 20:16:00
1,drink,2018-10-22 20:19:00
1,drink,2018-10-22 20:20:00
1,drink,2018-10-22 21:07:00
1,eat,2018-10-22 21:08:00
1,drink,2018-10-22 21:36:00
1,eat,2018-10-23 07:28:00
1,eat,2018-10-23 08:41:00
1,drink,2018-10-23 10:25:00
1,drink,2018-10-23 12:09:00
1,drink,2018-10-23 12:13:00
1,drink,2018-10-23 13:59:00
1,drink,2018-10-23 14:15:00
1,drink,2018-10-23 16:15:00
1,eat,2018-10-23 16:23:00
1,eat,2018-10-23 16:37:00
1,eat,2018-10-23 17:17:00
1,drink,2018-10-23 17:48:00
1,eat,2018-10-24 07:05:00
1,drink,2018-10-24 07:15:00
1,drink,2018-10-24 08:29:00
1,drink,2018-10-24 10:54:00
1,drink,2018-10-24 11:20:00
1,drink,2018-10-24 11:29:00
1,drink,2018-10-24 13:29:00
1,eat,2018-10-24 13:53:00
1,drink,2018-10-24 14:01:00
1,drink,2018-10-24 14:59:00
1,drink,2018-10-24 16:38:00
1,eat,2018-10-24 17:26:00
1,eat,2018-10-24 18:36:00
1,eat,2018-10-24 18:54:00
1,drink,2018-10-24 20:18:00
1,eat,2018-10-25 08:08:00
1,drink,2018-10-25 08:41:00
1,eat,2018-10-25 13:10:00
1,drink,2018-10-25 15:11:00
1,eat,2018-10-25 16:20:00
1,eat,2018-10-25 16:44:00
1,drink,2018-10-25 16:51:00
1,drink,2018-10-25 17:26:00
1,drink,2018-10-25 17:28:00
1,drink,2018-10-25 18:01:00
1,drink,2018-10-25 18:37:00
1,drink,2018-10-25 23:48:00
1,eat,2018-10-26 07:32:00
1,eat,2018-10-26 09:00:00
1,drink,2018-10-26 09:50:00
1,eat,2018-10-26 10:24:00
1,drink,2018-10-26 11:19:00
1,drink,2018-10-26 12:02:00
1,drink,2018-10-26 14:06:00
1,drink,2018-10-26 14:06:00
1,drink,2018-10-26 15:03:00
1,drink,2018-10-26 18:22:00
1,drink,2018-10-26 19:59:00
1,drink,2018-10-26 20:43:00
1,eat,2018-10-26 20:59:00
1,drink,2018-10-26 23:38:00
1,drink,2018-10-27 10:01:00
1,eat,2018-10-27 10:02:00
1,drink,2018-10-27 10:39:00
1,drink,2018-10-27 10:43:00
1,drink,2018-10-27 10:58:00
1,drink,2018-10-27 14:53:00
1,drink,2018-10-27 15:27:00
1,drink,2018-10-27 21:27:00
1,eat,2018-10-27 22:10:00
1,drink,2018-10-27 23:30:00
1,eat,2018-10-28 07:29:00
1,drink,2018-10-28 07:43:00
1,drink,2018-10-28 09:50:00
1,drink,2018-10-28 11:37:00
1,drink,2018-10-28 11:59:00
1,drink,2018-10-28 12:17:00
1,eat,2018-10-28 14:50:00
1,drink,2018-10-28 15:43:00
1,drink,2018-10-28 17:04:00
1,eat,2018-10-28 17:40:00
1,drink,2018-10-28 18:48:00
1,eat,2018-10-28 19:34:00
1,drink,2018-10-29 07:23:00
1,drink,2018-10-29 07:51:00
1,eat,2018-10-29 10:06:00
1,drink,2018-10-29 12:30:00
1,drink,2018-10-29 15:55:00
1,eat,2018-10-29 17:04:00
1,drink,2018-10-29 17:12:00
1,drink,2018-10-29 17:48:00
1,drink,2018-10-29 18:48:00
1,drink,2018-10-29 19:14:00
1,drink,2018-10-29 19:17:00
1,drink,2018-10-29 20:06:00
1,eat,2018-10-29 22:34:00
1,drink,2018-10-30 07:59:00
1,eat,2018-10-30 08:17:00
1,drink,2018-10-30 09:37:00
1,drink,2018-10-30 10:14:00
1,drink,2018-10-30 12:37:00
1,drink,2018-10-30 13:01:00
1,eat,2018-10-30 13:14:00
1,drink,2018-10-30 13:53:00
1,drink,2018-10-30 13:58:00
1,drink,2018-10-30 17:38:00
1,drink,2018-10-30 20:43:00
1,drink,2018-10-30 22:23:00
1,eat,2018-10-30 22:42:00
1,drink,2018-10-30 22:49:00
1,drink,2018-10-31 07:53:00
1,drink,2018-10-31 08:15:00
1,drink,2018-10-31 11:19:00
1,drink,2018-10-31 13:19:00
1,eat,2018-10-31 13:21:00
1,eat,2018-10-31 13:24:00
1,drink,2018-10-31 13:42:00
1,drink,2018-10-31 14:44:00
1,drink,2018-10-31 15:19:00
1,drink,2018-10-31 17:48:00
1,eat,2018-10-31 21:13:00
1,drink,2018-10-31 22:18:00
1,drink,2018-10-31 23:20:00
1,drink,2018-10-31 23:22:00
1,drink,2018-10-31 23:50:00
1,drink,2018-11-01 08:18:00
1,eat,2018-11-01 08:19:00
1,eat,2018-11-01 08:29:00
1,eat,2018-11-01 11:36:00
1,drink,2018-11-01 12:44:00
1,drink,2018-11-01 13:28:00
1,drink,2018-11-01 14:24:00
1,drink,2018-11-01 16:45:00
1,drink,2018-11-01 17:59:00
1,drink,2018-11-01 18:38:00
1,drink,2018-11-01 21:56:00
1,drink,2018-11-01 22:19:00
1,drink,2018-11-01 23:33:00
1,drink,2018-11-01 23:37:00
1,eat,2018-11-02 08:04:00
1,drink,2018-11-02 09:48:00
1,drink,2018-11-02 11:52:00
1,drink,2018-11-02 12:08:00
1,drink,2018-11-02 14:05:00
1,eat,2018-11-02 19:32:00
1,eat,2018-11-02 19:46:00
1,drink,2018-11-02 20:19:00
1,drink,2018-11-02 20:30:00
1,eat,2018-11-02 21:41:00
1,drink,2018-11-02 22:14:00
1,drink,2018-11-03 07:52:00
1,eat,2018-11-03 08:17:00
1,drink,2018-11-03 09:46:00
1,drink,2018-11-03 11:34:00
1,eat,2018-11-03 15:04:00
1,drink,2018-11-03 15:53:00
1,eat,2018-11-03 16:57:00
1,drink,2018-11-03 20:25:00
1,drink,2018-11-03 20:42:00
1,drink,2018-11-03 21:05:00
1,drink,2018-11-03 22:47:00
1,drink,2018-11-03 22:58:00
1,drink,2018-11-04 07:37:00
1,eat,2018-11-04 08:24:00
1,drink,2018-11-04 08:43:00
1,drink,2018-11-04 08:48:00
1,drink,2018-11-04 09:08:00
1,drink,2018-11-04 09:15:00
1,eat,2018-11-04 13:51:00
1,eat,2018-11-04 16:07:00
1,eat,2018-11-04 16:51:00
1,drink,2018-11-04 20:19:00
1,drink,2018-11-04 22:58:00
1,drink,2018-11-04 23:56:00
1,drink,2018-11-05 10:54:00
1,eat,2018-11-05 11:24:00
1,eat,2018-11-05 12:47:00
1,drink,2018-11-05 13:46:00
1,drink,2018-11-05 14:21:00
1,eat,2018-11-05 16:38:00
1,drink,2018-11-05 17:00:00
1,drink,2018-11-05 17:05:00
1,drink,2018-11-05 18:11:00
1,drink,2018-11-05 19:43:00
1,drink,2018-11-05 19:56:00
1,eat,2018-11-05 21:03:00
1,drink,2018-11-05 23:47:00
1,drink,2018-11-06 07:48:00
1,eat,2018-11-06 08:30:00
1,eat,2018-11-06 08:41:00
1,eat,2018-11-06 11:41:00
1,drink,2018-11-06 12:18:00
1,drink,2018-11-06 16:49:00
1,drink,2018-11-06 18:32:00
1,drink,2018-11-06 18:39:00
1,drink,2018-11-06 20:00:00
1,drink,2018-11-06 21:42:00
1,eat,2018-11-06 22:34:00
1,drink,2018-11-06 22:54:00
1,drink,2018-11-06 23:58:00
1,eat,2018-11-07 07:32:00
1,drink,2018-11-07 10:42:00
1,drink,2018-11-07 10:44:00
1,drink,2018-11-07 10:48:00
1,drink,2018-11-07 10:55:00
1,drink,2018-11-07 11:13:00
1,drink,2018-11-07 13:29:00
1,drink,2018-11-07 14:46:00
1,eat,2018-11-07 16:42:00
1,drink,2018-11-07 17:51:00
1,eat,2018-11-07 18:38:00
1,drink,2018-11-07 20:45:00
1,drink,2018-11-07 20:48:00
1,drink,2018-11-07 21:38:00
1,drink,2018-11-07 22:13:00
1,drink,2018-11-08 07:06:00
1,drink,2018-11-08 07:54:00
1,drink,2018-11-08 10:00:00
1,eat,2018-11-08 10:17:00
1,drink,2018-11-08 10:49:00
1,drink,2018-11-08 11:20:00
1,eat,2018-11-08 11:39:00
1,eat,2018-11-08 12:04:00
1,eat,2018-11-08 13:46:00
1,drink,2018-11-08 15:15:00
1,drink,2018-11-08 16:12:00
1,eat,2018-11-08 16:18:00
1,drink,2018-11-08 16:51:00
1,drink,2018-11-08 20:54:00
1,drink,2018-11-08 21:15:00
1,drink,2018-11-08 23:23:00
1,drink,2018-11-09 07:02:00
1,drink,2018-11-09 07:43:00
1,drink,2018-11-09 09:37:00
1,eat,2018-11-09 10:23:00
1,drink,2018-11-09 10:46:00
1,drink,2018-11-09 12:49:00
1,drink,2018-11-09 15:45:00
1,eat,2018-11-09 16:37:00
1,drink,2018-11-09 17:08:00
1,drink,2018-11-09 18:11:00
1,eat,2018-11-09 19:17:00
1,drink,2018-11-09 19:41:00
1,drink,2018-11-09 21:20:00
1,drink,2018-11-09 22:43:00
1,drink,2018-11-09 23:32:00
1,eat,2018-11-10 07:55:00
1,eat,2018-11-10 07:57:00
1,drink,2018-11-10 10:44:00
1,drink,2018-11-10 17:20:00
1,drink,2018-11-10 17:58:00
1,eat,2018-11-10 18:48:00
1,drink,2018-11-10 18:52:00
1,drink,2018-11-10 20:20:00
1,drink,2018-11-10 21:14:00
1,drink,2018-11-10 22:38:00
1,drink,2018-11-11 08:38:00
1,drink,2018-11-11 11:33:00
1,drink,2018-11-11 11:35:00
1,eat,2018-11-11 11:50:00
1,drink,2018-11-11 11:58:00
1,drink,2018-11-11 12:24:00
1,eat,2018-11-11 13:36:00
1,drink,2018-11-11 14:07:00
1,eat,2018-11-11 16:03:00
1,drink,2018-11-11 19:18:00
1,eat,2018-11-11 20:10:00
1,drink,2018-11-11 22:08:00
1,drink,2018-11-11 22:24:00
1,drink,2018-11-12 07:17:00
1,drink,2018-11-12 10:25:00
1,drink,2018-11-12 11:02:00
1,drink,2018-11-12 13:47:00
1,eat,2018-11-12 14:37:00
1,drink,2018-11-12 15:31:00
1,eat,2018-11-12 15:44:00
1,eat,2018-11-12 17:40:00
1,eat,2018-11-12 19:34:00
1,drink,2018-11-12 20:02:00
1,drink,2018-11-12 20:20:00
1,drink,2018-11-12 21:15:00
1,eat,2018-11-12 21:44:00
1,drink,2018-11-12 22:15:00
1,drink,2018-11-12 22:26:00
1,drink,2018-11-13 07:22:00
1,drink,2018-11-13 07:40:00
1,drink,2018-11-13 07:52:00
1,eat,2018-11-13 09:04:00
1,drink,2018-11-13 12:29:00
1,drink,2018-11-13 13:24:00
1,drink,2018-11-13 13:39:00
1,drink,2018-11-13 14:06:00
1,drink,2018-11-13 15:06:00
1,drink,2018-11-13 15:30:00
1,drink,2018-11-13 17:34:00
1,eat,2018-11-13 17:50:00
1,drink,2018-11-13 20:38:00
1,eat,2018-11-13 21:53:00
1,drink,2018-11-14 07:16:00
1,eat,2018-11-14 09:09:00
1,drink,2018-11-14 10:45:00
1,eat,2018-11-14 11:04:00
1,drink,2018-11-14 11:31:00
1,drink,2018-11-14 14:08:00
1,eat,2018-11-14 15:46:00
1,drink,2018-11-14 16:45:00
1,drink,2018-11-14 17:49:00
1,drink,2018-11-14 18:17:00
1,drink,2018-11-14 21:44:00
1,drink,2018-11-14 21:52:00
1,drink,2018-11-14 22:09:00
1,drink,2018-11-14 23:16:00
1,drink,2018-11-15 07:21:00
1,drink,2018-11-15 10:38:00
1,drink,2018-11-15 11:42:00
1,drink,2018-11-15 13:16:00
1,eat,2018-11-15 14:58:00
1,eat,2018-11-15 16:00:00
1,drink,2018-11-15 17:27:00
1,drink,2018-11-15 18:24:00
1,drink,2018-11-15 21:21:00
1,eat,2018-11-15 21:25:00
1,eat,2018-11-15 21:59:00
1,drink,2018-11-15 22:24:00
1,drink,2018-11-16 08:07:00
1,eat,2018-11-16 09:20:00
1,drink,2018-11-16 09:44:00
1,drink,2018-11-16 10:48:00
1,eat,2018-11-16 14:08:00
1,drink,2018-11-16 17:21:00
1,eat,2018-11-16 20:36:00
1,eat,2018-11-16 21:17:00
1,drink,2018-11-16 21:20:00
1,eat,2018-11-16 21:45:00
1,drink,2018-11-16 23:14:00
1,drink,2018-11-16 23:42:00
1,drink,2018-11-17 09:11:00
1,drink,2018-11-17 09:36:00
1,drink,2018-11-17 13:11:00
1,drink,2018-11-17 14:33:00
1,drink,2018-11-17 15:07:00
1,eat,2018-11-17 15:47:00
1,eat,2018-11-17 19:44:00
1,eat,2018-11-17 22:52:00
1,drink,2018-11-17 23:29:00
1,eat,2018-11-18 07:32:00
1,drink,2018-11-18 15:08:00
1,drink,2018-11-18 17:15:00
1,drink,2018-11-18 18:09:00
1,eat,2018-11-18 18:18:00
1,eat,2018-11-18 21:01:00
1,drink,2018-11-18 22:51:00
1,drink,2018-11-18 23:09:00
1,drink,2018-11-18 23:41:00
1,drink,2018-11-18 23:51:00
1,eat,2018-11-19 08:09:00
1,drink,2018-11-19 08:39:00
1,drink,2018-11-19 09:43:00
1,drink,2018-11-19 10:08:00
1,drink,2018-11-19 10:22:00
1,eat,2018-11-19 10:27:00
1,drink,2018-11-19 12:11:00
1,drink,2018-11-19 12:37:00
1,drink,2018-11-19 12:58:00
1,drink,2018-11-19 13:20:00
1,eat,2018-11-19 14:50:00
1,eat,2018-11-19 16:57:00
1,drink,2018-11-19 17:25:00
1,drink,2018-11-19 17:29:00
1,drink,2018-11-19 19:48:00
1,drink,2018-11-19 20:15:00
1,eat,2018-11-20 08:19:00
1,drink,2018-11-20 09:56:00
1,drink,2018-11-20 09:58:00
1,drink,2018-11-20 12:57:00
1,drink,2018-11-20 15:05:00
1,eat,2018-11-20 15:21:00
1,drink,2018-11-20 16:56:00
1,eat,2018-11-20 17:36:00
1,drink,2018-11-20 18:18:00
1,drink,2018-11-20 18:21:00
1,eat,2018-11-20 19:52:00
1,eat,2018-11-20 19:57:00
1,drink,2018-11-20 20:10:00
1,drink,2018-11-20 22:10:00
1,drink,2018-11-20 23:10:00
1,drink,2018-11-20 23:30:00
1,drink,2018-11-20 23:55:00
1,eat,2018-11-21 08:03:00
1,drink,2018-11-21 08:47:00
1,drink,2018-11-21 09:34:00
1,eat,2018-11-21 11:09:00
1,drink,2018-11-21 11:28:00
1,drink,2018-11-21 12:54:00
1,eat,2018-11-21 13:02:00
1,drink,2018-11-21 13:51:00
1,drink,2018-11-21 15:10:00
1,eat,2018-11-21 16:29:00
1,drink,2018-11-21 18:36:00
1,eat,2018-11-21 18:50:00
1,drink,2018-11-21 20:25:00
1,drink,2018-11-21 21:45:00
1,drink,2018-11-21 22:01:00
1,drink,2018-11-21 23:17:00
1,drink,2018-11-21 23:23:00
1,drink,2018-11-22 09:16:00
1,eat,2018-11-22 10:04:00
1,drink,2018-11-22 11:31:00
1,drink,2018-11-22 14:27:00
1,drink,2018-11-22 15:46:00
1,drink,2018-11-22 17:36:00
1,eat,2018-11-22 19:13:00
1,eat,2018-11-22 20:25:00
1,drink,2018-11-22 21:37:00
1,drink,2018-11-22 23:38:00
1,drink,2018-11-23 08:56:00
1,eat,2018-11-23 10:21:00
1,drink,2018-11-23 10:23:00
1,drink,2018-11-23 10:46:00
1,eat,2018-11-23 11:41:00
1,eat,2018-11-23 12:46:00
1,drink,2018-11-23 14:48:00
1,drink,2018-11-23 15:43:00
1,eat,2018-11-23 16:12:00
1,eat,2018-11-23 19:22:00
1,drink,2018-11-23 20:41:00
1,drink,2018-11-23 22:19:00
1,drink,2018-11-24 08:57:00
1,drink,2018-11-24 10:39:00
1,eat,2018-11-24 11:00:00
1,eat,2018-11-24 12:55:00
1,drink,2018-11-24 18:02:00
1,eat,2018-11-24 19:04:00
1,drink,2018-11-24 19:35:00
1,eat,2018-11-24 20:49:00
1,drink,2018-11-24 22:07:00
1,drink,2018-11-25 09:54:00
1,drink,2018-11-25 11:38:00
1,drink,2018-11-25 14:42:00
1,drink,2018-11-25 16:41:00
1,drink,2018-11-25 16:54:00
1,drink,2018-11-25 17:06:00
1,eat,2018-11-25 20:14:00
1,eat,2018-11-25 21:58:00
1,eat,2018-11-25 22:19:00
1,drink,2018-11-25 22:37:00
1,drink,2018-11-26 07:16:00
1,eat,2018-11-26 07:29:00
1,drink,2018-11-26 08:29:00
1,eat,2018-11-26 10:49:00
1,drink,2018-11-26 11:56:00
1,drink,2018-11-26 12:26:00
1,drink,2018-11-26 13:38:00
1,drink,2018-11-26 15:07:00
1,drink,2018-11-26 15:12:00
1,eat,2018-11-26 15:44:00
1,drink,2018-11-26 16:11:00
1,eat,2018-11-26 16:24:00
1,drink,2018-11-26 17:22:00
1,drink,2018-11-26 18:46:00
1,drink,2018-11-26 18:57:00
1,drink,2018-11-26 21:54:00
1,eat,2018-11-26 22:45:00
1,drink,2018-11-27 07:26:00
1,drink,2018-11-27 07:55:00
1,drink,2018-11-27 08:00:00
1,drink,2018-11-27 08:11:00
1,drink,2018-11-27 09:39:00
1,drink,2018-11-27 10:18:00
1,eat,2018-11-27 16:52:00
1,eat,2018-11-27 18:07:00
1,drink,2018-11-27 20:12:00
1,drink,2018-11-27 20:29:00
1,drink,2018-11-27 21:26:00
1,eat,2018-11-27 22:49:00
1,drink,2018-11-27 22:53:00
1,drink,2018-11-28 07:19:00
1,eat,2018-11-28 07:47:00
1,drink,2018-11-28 07:50:00
1,eat,2018-11-28 08:37:00
1,eat,2018-11-28 10:46:00
1,drink,2018-11-28 10:49:00
1,eat,2018-11-28 11:14:00
1,drink,2018-11-28 11:23:00
1,drink,2018-11-28 11:53:00
1,drink,2018-11-28 14:42:00
1,eat,2018-11-28 14:47:00
1,drink,2018-11-28 15:23:00
1,drink,2018-11-29 07:32:00
1,eat,2018-11-29 07:58:00
1,eat,2018-11-29 11:25:00
1,drink,2018-11-29 12:23:00
1,drink,2018-11-29 13:57:00
1,eat,2018-11-29 14:02:00
1,drink,2018-11-29 16:36:00
1,drink,2018-11-29 16:57:00
1,drink,2018-11-29 18:42:00
1,drink,2018-11-29 18:54:00
1,drink,2018-11-29 19:00:00
1,eat,2018-11-29 21:40:00
1,drink,2018-11-29 22:36:00
1,drink,2018-11-30 07:24:00
1,eat,2018-11-30 07:31:00
1,eat,2018-11-30 08:27:00
1,drink,2018-11-30 09:41:00
1,eat,2018-11-30 10:06:00
1,drink,2018-11-30 12:26:00
1,eat,2018-11-30 13:04:00
1,drink,2018-11-30 13:10:00
1,drink,2018-11-30 13:22:00
1,drink,2018-11-30 13:25:00
1,drink,2018-11-30 13:31:00
1,drink,2018-11-30 14:45:00
1,drink,2018-11-30 16:48:00
1,drink,2018-11-30 17:46:00
1,drink,2018-11-30 21:06:00
1,drink,2018-12-01 08:50:00
1,drink,2018-12-01 10:05:00
1,drink,2018-12-01 12:18:00
1,drink,2018-12-01 13:02:00
1,eat,2018-12-01 15:00:00
1,eat,2018-12-01 15:12:00
1,drink,2018-12-01 15:46:00
1,drink,2018-12-01 20:00:00
1,eat,2018-12-01 20:27:00
1,drink,2018-12-02 07:40:00
1,eat,2018-12-02 08:02:00
1,drink,2018-12-02 11:16:00
1,drink,2018-12-02 11:33:00
1,eat,2018-12-02 12:24:00
1,drink,2018-12-02 13:53:00
1,drink,2018-12-02 14:16:00
1,drink,2018-12-02 16:25:00
1,drink,2018-12-02 17:56:00
1,drink,2018-12-02 18:31:00
1,eat,2018-12-02 22:49:00
1,drink,2018-12-03 07:24:00
1,eat,2018-12-03 08:23:00
1,eat,2018-12-03 08:33:00
1,eat,2018-12-03 09:29:00
1,drink,2018-12-03 10:10:00
1,drink,2018-12-03 11:15:00
1,eat,2018-12-03 11:46:00
1,drink,2018-12-03 12:58:00
1,drink,2018-12-03 14:59:00
1,drink,2018-12-03 15:03:00
1,eat,2018-12-03 17:49:00
1,drink,2018-12-03 23:05:00
1,drink,2018-12-03 23:41:00
1,drink,2018-12-03 23:42:00
1,drink,2018-12-04 07:34:00
1,eat,2018-12-04 07:50:00
1,eat,2018-12-04 09:06:00
1,drink,2018-12-04 10:58:00
1,eat,2018-12-04 11:08:00
1,drink,2018-12-04 11:51:00
1,drink,2018-12-04 11:57:00
1,eat,2018-12-04 12:13:00
1,drink,2018-12-04 12:34:00
1,drink,2018-12-04 12:45:00
1,drink,2018-12-04 14:10:00
1,drink,2018-12-04 14:27:00
1,drink,2018-12-04 16:41:00
1,drink,2018-12-04 18:01:00
1,drink,2018-12-04 18:16:00
1,drink,2018-12-04 22:34:00
1,drink,2018-12-05 09:22:00
1,drink,2018-12-05 09:29:00
1,eat,2018-12-05 09:41:00
1,drink,2018-12-05 12:16:00
1,drink,2018-12-05 12:56:00
1,eat,2018-12-05 13:43:00
1,drink,2018-12-05 14:40:00
1,drink,2018-12-05 15:27:00
1,eat,2018-12-05 15:46:00
1,eat,2018-12-05 16:20:00
1,drink,2018-12-05 16:57:00
1,drink,2018-12-05 19:36:00
1,drink,2018-12-05 21:04:00
1,drink,2018-12-05 21:21:00
1,drink,2018-12-05 23:09:00
1,drink,2018-12-05 23:47:00
1,eat,2018-12-06 08:52:00
1,eat,2018-12-06 11:27:00
1,eat,2018-12-06 12:27:00
1,drink,2018-12-06 15:05:00
1,drink,2018-12-06 15:20:00
1,drink,2018-12-06 16:13:00
1,drink,2018-12-06 16:37:00
1,eat,2018-12-06 19:05:00
1,drink,2018-12-06 19:26:00
1,eat,2018-12-06 19:29:00
1,drink,2018-12-06 21:03:00
1,drink,2018-12-06 22:52:00
1,drink,2018-12-07 09:21:00
1,drink,2018-12-07 10:11:00
1,drink,2018-12-07 11:19:00
1,drink,2018-12-07 11:30:00
1,eat,2018-12-07 12:59:00
1,eat,2018-12-07 13:02:00
1,eat,2018-12-07 13:11:00
1,drink,2018-12-07 15:49:00
1,drink,2018-12-07 16:37:00
1,drink,2018-12-07 17:48:00
1,drink,2018-12-07 18:13:00
1,drink,2018-12-07 18:51:00
1,drink,2018-12-07 22:19:00
1,eat,2018-12-07 22:29:00
1,eat,2018-12-07 22:43:00
1,drink,2018-12-08 10:17:00
1,drink,2018-12-08 12:19:00
1,drink,2018-12-08 13:31:00
1,drink,2018-12-08 14:27:00
1,eat,2018-12-08 16:12:00
1,eat,2018-12-08 16:37:00
1,drink,2018-12-08 19:45:00
1,eat,2018-12-08 21:26:00
1,eat,2018-12-08 21:34:00
1,drink,2018-12-08 23:34:00
1,eat,2018-12-09 08:00:00
1,drink,2018-12-09 08:28:00
1,eat,2018-12-09 09:48:00
1,eat,2018-12-09 10:57:00
1,drink,2018-12-09 11:26:00
1,drink,2018-12-09 14:52:00
1,eat,2018-12-09 16:59:00
1,drink,2018-12-09 19:44:00
1,drink,2018-12-09 23:04:00
1,drink,2018-12-10 08:13:00
1,drink,2018-12-10 08:51:00
1,drink,2018-12-10 09:09:00
1,drink,2018-12-10 09:14:00
1,drink,2018-12-10 10:07:00
1,eat,2018-12-10 10:45:00
1,drink,2018-12-10 10:47:00
1,drink,2018-12-10 12:50:00
1,drink,2018-12-10 14:51:00
1,eat,2018-12-10 15:10:00
1,drink,2018-12-10 16:16:00
1,eat,2018-12-10 17:47:00
1,eat,2018-12-10 19:07:00
1,drink,2018-12-10 20:15:00
1,drink,2018-12-10 20:33:00
1,drink,2018-12-10 20:53:00
1,eat,2018-12-10 22:17:00
1,eat,2018-12-11 07:23:00
1,eat,2018-12-11 07:32:00
1,eat,2018-12-11 07:43:00
1,drink,2018-12-11 09:58:00
1,drink,2018-12-11 10:53:00
1,eat,2018-12-11 11:42:00
1,drink,2018-12-11 12:20:00
1,drink,2018-12-11 12:32:00
1,drink,2018-12-11 14:03:00
1,drink,2018-12-11 15:12:00
1,drink,2018-12-11 19:05:00
1,drink,2018-12-11 19:27:00
1,drink,2018-12-11 20:13:00
1,drink,2018-12-11 20:38:00
1,drink,2018-12-11 20:45:00
1,eat,2018-12-11 21:43:00
1,drink,2018-12-11 23:55:00
1,drink,2018-12-12 08:57:00
1,drink,2018-12-12 08:59:00
1,drink,2018-12-12 10:06:00
1,drink,2018-12-12 11:28:00
1,drink,2018-12-12 12:15:00
1,eat,2018-12-12 14:45:00
1,drink,2018-12-12 16:30:00
1,drink,2018-12-12 17:10:00
1,drink,2018-12-12 19:10:00
1,eat,2018-12-12 19:48:00
1,eat,2018-12-12 20:10:00
1,drink,2018-12-12 20:15:00
1,drink,2018-12-12 21:10:00
1,drink,2018-12-12 21:25:00
1,eat,2018-12-12 22:00:00
1,eat,2018-12-13 08:56:00
1,drink,2018-12-13 12:35:00
1,drink,2018-12-13 12:36:00
1,drink,2018-12-13 13:15:00
1,drink,2018-12-13 13:45:00
1,eat,2018-12-13 14:59:00
1,eat,2018-12-13 15:13:00
1,drink,2018-12-13 15:25:00
1,drink,2018-12-13 20:37:00
1,drink,2018-12-13 23:02:00
1,drink,2018-12-14 07:44:00
1,eat,2018-12-14 09:25:00
1,eat,2018-12-14 09:25:00
1,drink,2018-12-14 12:28:00
1,drink,2018-12-14 13:42:00
1,drink,2018-12-14 17:51:00
1,drink,2018-12-14 18:05:00
1,eat,2018-12-14 18:18:00
1,drink,2018-12-14 18:40:00
1,drink,2018-12-14 19:55:00
1,drink,2018-12-14 20:28:00
1,eat,2018-12-14 22:00:00
1,eat,2018-12-15 10:23:00
1,drink,2018-12-15 13:58:00
1,drink,2018-12-15 15:05:00
1,drink,2018-12-15 16:02:00
1,drink,2018-12-15 17:09:00
1,eat,2018-12-15 18:27:00
1,drink,2018-12-15 21:09:00
1,drink,2018-12-15 22:42:00
1,drink,2018-12-16 08:23:00
1,eat,2018-12-16 09:35:00
1,drink,2018-12-16 16:23:00
1,drink,2018-12-16 18:35:00
1,eat,2018-12-16 19:22:00
1,drink,2018-12-16 21:36:00
1,drink,2018-12-16 22:30:00
1,drink,2018-12-16 22:45:00
1,drink,2018-12-17 08:58:00
1,drink,2018-12-17 09:10:00
1,drink,2018-12-17 09:17:00
1,drink,2018-12-17 09:42:00
1,drink,2018-12-17 12:50:00
1,eat,2018-12-17 12:54:00
1,drink,2018-12-17 15:06:00
1,drink,2018-12-17 15:29:00
1,drink,2018-12-17 17:17:00
1,eat,2018-12-17 21:05:00
1,eat,2018-12-17 21:26:00
1,drink,2018-12-18 07:15:00
1,drink,2018-12-18 07:27:00
1,eat,2018-12-18 12:27:00
1,drink,2018-12-18 12:59:00
1,drink,2018-12-18 14:56:00
1,drink,2018-12-18 15:21:00
1,drink,2018-12-18 16:23:00
1,eat,2018-12-18 18:53:00
1,eat,2018-12-18 19:05:00
1,eat,2018-12-18 19:24:00
1,eat,2018-12-18 21:03:00
1,drink,2018-12-18 21:10:00
1,drink,2018-12-18 23:13:00
1,drink,2018-12-18 23:23:00
1,eat,2018-12-19 07:18:00
1,eat,2018-12-19 09:07:00
1,drink,2018-12-19 09:17:00
1,drink,2018-12-19 09:36:00
1,drink,2018-12-19 10:56:00
1,eat,2018-12-19 15:47:00
1,eat,2018-12-19 16:08:00
1,drink,2018-12-19 16:18:00
1,drink,2018-12-19 16:32:00
1,drink,2018-12-19 17:12:00
1,drink,2018-12-19 18:27:00
1,eat,2018-12-19 18:53:00
1,drink,2018-12-19 19:44:00
1,drink,2018-12-19 21:22:00
1,drink,2018-12-19 22:36:00
1,eat,2018-12-20 07:21:00
1,drink,2018-12-20 07:39:00
1,drink,2018-12-20 08:08:00
1,eat,2018-12-20 09:05:00
1,drink,2018-12-20 11:16:00
1,drink,2018-12-20 15:58:00
1,drink,2018-12-20 16:00:00
1,drink,2018-12-20 16:40:00
1,drink,2018-12-20 18:53:00
1,eat,2018-12-20 19:48:00
1,drink,2018-12-20 21:41:00
1,drink,2018-12-20 22:05:00
1,drink,2018-12-20 22:21:00
1,eat,2018-12-20 22:48:00
1,drink,2018-12-21 08:57:00
1,drink,2018-12-21 09:34:00
1,eat,2018-12-21 10:50:00
1,drink,2018-12-21 11:01:00
1,drink,2018-12-21 12:14:00
1,eat,2018-12-21 12:17:00
1,drink,2018-12-21 14:00:00
1,drink,2018-12-21 14:31:00
1,eat,2018-12-21 16:13:00
1,drink,2018-12-21 17:15:00
1,drink,2018-12-21 18:24:00
1,drink,2018-12-21 19:22:00
1,drink,2018-12-21 21:39:00
1,drink,2018-12-21 23:02:00
1,eat,2018-12-22 07:07:00
1,drink,2018-12-22 08:03:00
1,drink,2018-12-22 08:42:00
1,eat,2018-12-22 10:24:00
1,eat,2018-12-22 11:54:00
1,drink,2018-12-22 12:17:00
1,drink,2018-12-22 13:10:00
1,drink,2018-12-22 13:33:00
1,drink,2018-12-22 13:47:00
1,drink,2018-12-22 15:12:00
1,drink,2018-12-22 19:24:00
1,eat,2018-12-22 21:38:00
1,drink,2018-12-22 23:44:00
1,eat,2018-12-23 07:41:00
1,eat,2018-12-23 08:26:00
1,drink,2018-12-23 11:06:00
1,drink,2018-12-23 11:38:00
1,drink,2018-12-23 15:24:00
1,drink,2018-12-23 15:30:00
1,drink,2018-12-23 17:20:00
1,drink,2018-12-23 18:00:00
1,drink,2018-12-23 22:30:00
1,drink,2018-12-23 23:39:00
1,eat,2018-12-24 08:03:00
1,drink,2018-12-24 12:02:00
1,drink,2018-12-24 14:14:00
1,eat,2018-12-24 14:38:00
1,eat,2018-12-24 15:27:00
1,drink,2018-12-24 16:03:00
1,drink,2018-12-24 16:24:00
1,drink,2018-12-24 16:35:00
1,drink,2018-12-24 21:33:00
1,drink,2018-12-24 21:48:00
1,eat,2018-12-24 21:56:00
1,drink,2018-12-24 22:08:00
1,drink,2018-12-25 09:28:00
1,eat,2018-12-25 11:25:00
1,eat,2018-12-25 11:52:00
1,drink,2018-12-25 13:03:00
1,eat,2018-12-25 15:00:00
1,drink,2018-12-25 16:18:00
1,drink,2018-12-25 18:02:00
1,eat,2018-12-25 19:29:00
1,eat,2018-12-25 19:30:00
1,drink,2018-12-25 20:02:00
1,drink,2018-12-25 20:47:00
1,drink,2018-12-25 23:20:00
1,drink,2018-12-26 09:48:00
1,drink,2018-12-26 13:34:00
1,eat,2018-12-26 13:38:00
1,eat,2018-12-26 15:36:00
1,eat,2018-12-26 16:27:00
1,drink,2018-12-26 17:42:00
1,drink,2018-12-26 18:03:00
1,drink,2018-12-26 18:41:00
1,drink,2018-12-26 20:01:00
1,drink,2018-12-26 20:15:00
1,drink,2018-12-26 20:25:00
1,drink,2018-12-26 21:50:00
1,drink,2018-12-26 22:12:00
1,drink,2018-12-26 23:42:00
1,drink,2018-12-27 08:19:00
1,eat,2018-12-27 08:46:00
1,eat,2018-12-27 10:14:00
1,drink,2018-12-27 12:44:00
1,drink,2018-12-27 15:31:00
1,drink,2018-12-27 17:04:00
1,eat,2018-12-27 17:46:00
1,eat,2018-12-27 18:04:00
1,drink,2018-12-27 19:45:00
1,drink,2018-12-27 20:26:00
1,drink,2018-12-27 21:30:00
1,drink,2018-12-27 23:25:00
1,drink,2018-12-27 23:39:00
1,eat,2018-12-28 07:42:00
1,drink,2018-12-28 08:59:00
1,eat,2018-12-28 09:00:00
1,drink,2018-12-28 09:03:00
1,drink,2018-12-28 10:39:00
1,eat,2018-12-28 10:57:00
1,drink,2018-12-28 11:32:00
1,drink,2018-12-28 12:40:00
1,drink,2018-12-28 13:15:00
1,drink,2018-12-28 14:49:00
1,drink,2018-12-28 16:55:00
1,drink,2018-12-28 17:47:00
1,eat,2018-12-28 22:05:00
1,drink,2018-12-29 09:05:00
1,drink,2018-12-29 14:01:00
1,eat,2018-12-29 15:48:00
1,eat,2018-12-29 17:03:00
1,drink,2018-12-29 18:16:00
1,drink,2018-12-29 20:38:00
1,drink,2018-12-29 21:43:00
1,drink,2018-12-30 09:32:00
1,drink,2018-12-30 10:47:00
1,drink,2018-12-30 11:51:00
1,drink,2018-12-30 13:33:00
1,drink,2018-12-30 13:45:00
1,drink,2018-12-30 14:04:00
1,eat,2018-12-30 20:17:00
1,eat,2018-12-30 21:08:00
1,drink,2018-12-30 22:31:00
1,drink,2018-12-30 22:37:00
1,drink,2018-12-31 07:50:00
1,drink,2018-12-31 07:51:00
1,drink,2018-12-31 08:37:00
1,eat,2018-12-31 12:09:00
1,eat,2018-12-31 13:47:00
1,drink,2018-12-31 14:09:00
1,drink,2018-12-31 15:08:00
1,drink,2018-12-31 15:33:00
1,drink,2018-12-31 16:37:00
1,drink,2018-12-31 18:21:00
1,drink,2018-12-31 18:42:00
1,drink,2018-12-31 19:01:00
1,drink,2018-12-31 20:40:00
1,drink,2018-12-31 22:13:00
1,eat,2018-12-31 22:48:00
1,drink,2019-01-01 07:21:00
1,drink,2019-01-01 08:19:00
1,drink,2019-01-01 10:23:00
1,eat,2019-01-01 10:25:00
1,drink,2019-01-01 11:06:00
1,drink,2019-01-01 11:20:00
1,eat,2019-01-01 11:51:00
1,drink,2019-01-01 13:15:00
1,eat,2019-01-01 14:12:00
1,drink,2019-01-01 15:34:00
1,drink,2019-01-01 18:22:00
1,eat,2019-01-01 20:20:00
1,eat,2019-01-01 20:38:00
1,drink,2019-01-01 21:36:00
1,eat,2019-01-02 08:54:00
1,drink,2019-01-02 10:16:00
1,drink,2019-01-02 10:36:00
1,drink,2019-01-02 11:07:00
1,drink,2019-01-02 11:17:00
1,eat,2019-01-02 14:55:00
1,drink,2019-01-02 15:15:00
1,drink,2019-01-02 15:24:00
1,drink,2019-01-02 17:49:00
1,eat,2019-01-02 18:28:00
1,drink,2019-01-02 18:48:00
1,drink,2019-01-02 19:51:00
1,drink,2019-01-02 20:01:00
1,eat,2019-01-02 21:55:00
1,eat,2019-01-02 22:32:00
1,drink,2019-01-02 22:38:00
1,drink,2019-01-02 23:05:00
1,eat,2019-01-03 07:16:00
1,drink,2019-01-03 09:05:00
1,eat,2019-01-03 09:26:00
1,eat,2019-01-03 10:17:00
1,drink,2019-01-03 12:27:00
1,eat,2019-01-03 14:05:00
1,drink,2019-01-03 14:16:00
1,drink,2019-01-03 14:23:00
1,drink,2019-01-03 15:50:00
1,eat,2019-01-03 16:54:00
1,drink,2019-01-03 18:26:00
1,drink,2019-01-03 19:34:00
1,drink,2019-01-03 20:02:00
1,drink,2019-01-03 21:56:00
1,drink,2019-01-04 08:14:00
1,drink,2019-01-04 08:31:00
1,drink,2019-01-04 08:40:00
1,drink,2019-01-04 11:13:00
1,eat,2019-01-04 14:57:00
1,eat,2019-01-04 15:14:00
1,drink,2019-01-04 15:48:00
1,drink,2019-01-04 16:40:00
1,drink,2019-01-04 16:50:00
1,eat,2019-01-04 17:44:00
1,drink,2019-01-04 18:35:00
1,drink,2019-01-04 18:48:00
1,eat,2019-01-04 18:51:00
1,eat,2019-01-04 19:10:00
1,drink,2019-01-04 19:50:00
1,drink,2019-01-04 21:09:00
1,drink,2019-01-05 07:39:00
1,eat,2019-01-05 08:03:00
1,drink,2019-01-05 10:07:00
1,drink,2019-01-05 11:40:00
1,drink,2019-01-05 12:22:00
1,drink,2019-01-05 15:42:00
1,eat,2019-01-05 21:57:00
1,drink,2019-01-06 07:12:00
1,drink,2019-01-06 10:23:00
1,eat,2019-01-06 12:40:00
1,drink,2019-01-06 12:49:00
1,drink,2019-01-06 12:51:00
1,drink,2019-01-06 14:51:00
1,drink,2019-01-06 15:48:00
1,eat,2019-01-06 16:22:00
1,eat,2019-01-06 19:05:00
1,drink,2019-01-06 20:57:00
1,drink,2019-01-07 11:03:00
1,eat,2019-01-07 11:22:00
1,drink,2019-01-07 12:33:00
1,drink,2019-01-07 13:07:00
1,drink,2019-01-07 14:08:00
1,drink,2019-01-07 14:27:00
1,drink,2019-01-07 16:08:00
1,eat,2019-01-07 17:02:00
1,drink,2019-01-07 17:07:00
1,drink,2019-01-07 17:34:00
1,drink,2019-01-07 18:58:00
1,drink,2019-01-07 19:14:00
1,eat,2019-01-07 22:00:00
1,eat,2019-01-07 22:50:00
1,drink,2019-01-08 07:01:00
1,drink,2019-01-08 07:42:00
1,drink,2019-01-08 08:14:00
1,eat,2019-01-08 10:07:00
1,eat,2019-01-08 14:30:00
1,eat,2019-01-08 16:51:00
1,drink,2019-01-08 17:41:00
1,drink,2019-01-08 20:38:00
1,drink,2019-01-08 21:43:00
1,drink,2019-01-08 21:44:00
1,drink,2019-01-08 22:59:00
1,drink,2019-01-08 23:21:00
1,drink,2019-01-09 07:10:00
1,drink,2019-01-09 07:24:00
1,drink,2019-01-09 08:00:00
1,drink,2019-01-09 08:30:00
1,eat,2019-01-09 10:35:00
1,eat,2019-01-09 11:47:00
1,drink,2019-01-09 11:57:00
1,drink,2019-01-09 13:46:00
1,eat,2019-01-09 16:25:00
1,drink,2019-01-09 17:25:00
1,drink,2019-01-09 20:48:00
1,eat,2019-01-09 21:24:00
1,drink,2019-01-09 23:46:00
1,eat,2019-01-10 07:42:00
1,drink,2019-01-10 09:30:00
1,drink,2019-01-10 11:28:00
1,drink,2019-01-10 12:52:00
1,drink,2019-01-10 16:32:00
1,drink,2019-01-10 18:37:00
1,drink,2019-01-10 19:18:00
1,eat,2019-01-10 20:20:00
1,eat,2019-01-10 21:10:00
1,drink,2019-01-10 21:52:00
1,eat,2019-01-11 08:01:00
1,eat,2019-01-11 08:55:00
1,drink,2019-01-11 10:27:00
1,eat,2019-01-11 12:55:00
1,drink,2019-01-11 14:10:00
1,eat,2019-01-11 14:43:00
1,drink,2019-01-11 14:56:00
1,drink,2019-01-11 15:12:00
1,drink,2019-01-11 17:47:00
1,drink,2019-01-11 20:26:00
1,drink,2019-01-11 21:03:00
1,drink,2019-01-11 23:26:00
1,drink,2019-01-12 09:17:00
1,eat,2019-01-12 09:49:00
1,eat,2019-01-12 11:11:00
1,eat,2019-01-12 13:23:00
1,drink,2019-01-12 15:20:00
1,drink,2019-01-12 18:21:00
1,eat,2019-01-12 20:20:00
1,drink,2019-01-12 20:40:00
1,drink,2019-01-12 20:59:00
1,drink,2019-01-12 21:00:00
1,drink,2019-01-12 21:16:00
1,drink,2019-01-12 23:48:00
1,drink,2019-01-13 07:11:00
1,eat,2019-01-13 10:39:00
1,drink,2019-01-13 12:45:00
1,eat,2019-01-13 13:38:00
1,drink,2019-01-13 14:00:00
1,eat,2019-01-13 17:49:00
1,drink,2019-01-13 18:43:00
1,eat,2019-01-13 20:43:00
1,drink,2019-01-13 20:47:00
1,drink,2019-01-14 09:55:00
1,eat,2019-01-14 11:13:00
1,drink,2019-01-14 14:18:00
1,eat,2019-01-14 15:38:00
1,eat,2019-01-14 17:08:00
1,eat,2019-01-14 17:45:00
1,eat,2019-01-14 19:17:00
1,drink,2019-01-14 20:02:00
1,drink,2019-01-14 20:08:00
1,drink,2019-01-14 20:38:00
1,drink,2019-01-14 22:31:00
1,drink,2019-01-14 23:59:00
1,drink,2019-01-15 07:22:00
1,drink,2019-01-15 09:59:00
1,drink,2019-01-15 10:10:00
1,eat,2019-01-15 11:02:00
1,eat,2019-01-15 12:19:00
1,eat,2019-01-15 13:47:00
1,drink,2019-01-15 13:59:00
1,drink,2019-01-15 17:24:00
1,eat,2019-01-15 18:10:00
1,drink,2019-01-15 18:46:00
1,eat,2019-01-15 20:44:00
1,drink,2019-01-15 21:47:00
1,drink,2019-01-15 23:07:00
1,drink,2019-01-16 08:12:00
1,eat,2019-01-16 08:28:00
1,eat,2019-01-16 08:56:00
1,eat,2019-01-16 09:59:00
1,eat,2019-01-16 10:52:00
1,drink,2019-01-16 11:41:00
1,drink,2019-01-16 12:40:00
1,drink,2019-01-16 12:47:00
1,drink,2019-01-16 13:08:00
1,eat,2019-01-16 16:42:00
1,drink,2019-01-16 16:53:00
1,drink,2019-01-16 18:51:00
1,drink,2019-01-16 19:47:00
1,drink,2019-01-16 20:39:00
1,drink,2019-01-16 21:43:00
1,drink,2019-01-17 07:11:00
1,eat,2019-01-17 08:05:00
1,eat,2019-01-17 08:18:00
1,drink,2019-01-17 09:57:00
1,drink,2019-01-17 15:07:00
1,drink,2019-01-17 15:09:00
1,drink,2019-01-17 15:17:00
1,drink,2019-01-17 17:25:00
1,drink,2019-01-17 18:22:00
1,eat,2019-01-17 21:10:00
1,drink,2019-01-17 21:23:00
1,drink,2019-01-17 21:56:00
1,drink,2019-01-17 22:45:00
1,drink,2019-01-17 23:23:00
1,drink,2019-01-18 07:03:00
1,eat,2019-01-18 07:12:00
1,drink,2019-01-18 07:14:00
1,drink,2019-01-18 08:02:00
1,drink,2019-01-18 08:41:00
1,drink,2019-01-18 09:16:00
1,drink,2019-01-18 09:37:00
1,drink,2019-01-18 11:03:00
1,eat,2019-01-18 11:41:00
1,drink,2019-01-18 11:46:00
1,drink,2019-01-18 14:18:00
1,drink,2019-01-18 14:22:00
1,eat,2019-01-18 16:27:00
1,drink,2019-01-18 19:16:00
1,eat,2019-01-18 20:40:00
1,drink,2019-01-18 21:00:00
1,eat,2019-01-18 21:32:00
1,eat,2019-01-19 08:22:00
1,drink,2019-01-19 11:55:00
1,drink,2019-01-19 13:01:00
1,drink,2019-01-19 13:37:00
1,drink,2019-01-19 15:07:00
1,eat,2019-01-19 17:26:00
1,eat,2019-01-19 18:21:00
1,drink,2019-01-19 20:55:00
1,drink,2019-01-19 21:31:00
1,drink,2019-01-19 21:42:00
1,eat,2019-01-19 21:49:00
1,drink,2019-01-19 23:11:00
1,drink,2019-01-20 11:22:00
1,eat,2019-01-20 13:34:00
1,drink,2019-01-20 13:35:00
1,eat,2019-01-20 14:16:00
1,eat,2019-01-20 16:05:00
1,drink,2019-01-20 18:41:00
1,drink,2019-01-20 19:23:00
1,drink,2019-01-20 22:37:00
1,drink,2019-01-21 08:00:00
1,drink,2019-01-21 08:18:00
1,drink,2019-01-21 09:20:00
1,eat,2019-01-21 10:49:00
1,drink,2019-01-21 10:54:00
1,drink,2019-01-21 12:19:00
1,eat,2019-01-21 13:39:00
1,eat,2019-01-21 14:00:00
1,drink,2019-01-21 16:16:00
1,eat,2019-01-21 18:41:00
1,eat,2019-01-21 18:50:00
1,drink,2019-01-21 20:26:00
1,drink,2019-01-21 21:43:00
1,drink,2019-01-21 22:04:00
1,eat,2019-01-22 07:39:00
1,drink,2019-01-22 09:08:00
1,drink,2019-01-22 10:09:00
1,eat,2019-01-22 12:57:00
1,drink,2019-01-22 14:02:00
1,drink,2019-01-22 15:09:00
1,drink,2019-01-22 16:08:00
1,drink,2019-01-22 18:05:00
1,eat,2019-01-22 20:06:00
1,eat,2019-01-22 20:20:00
1,drink,2019-01-22 21:38:00
1,drink,2019-01-22 23:55:00
1,drink,2019-01-23 07:19:00
1,drink,2019-01-23 08:37:00
1,drink,2019-01-23 10:35:00
1,drink,2019-01-23 11:19:00
1,eat,2019-01-23 11:32:00
1,drink,2019-01-23 11:54:00
1,eat,2019-01-23 12:06:00
1,drink,2019-01-23 14:22:00
1,drink,2019-01-23 18:45:00
1,drink,2019-01-23 19:47:00
1,drink,2019-01-23 20:15:00
1,eat,2019-01-23 22:51:00
1,drink,2019-01-23 23:00:00
1,drink,2019-01-23 23:54:00
1,drink,2019-01-24 07:02:00
1,drink,2019-01-24 07:35:00
1,drink,2019-01-24 07:47:00
1,eat,2019-01-24 09:14:00
1,drink,2019-01-24 10:06:00
1,eat,2019-01-24 11:17:00
1,drink,2019-01-24 12:53:00
1,eat,2019-01-24 14:29:00
1,eat,2019-01-24 14:34:00
1,eat,2019-01-24 16:49:00
1,drink,2019-01-24 18:55:00
1,drink,2019-01-24 20:47:00
1,drink,2019-01-24 20:59:00
1,drink,2019-01-24 21:10:00
1,drink,2019-01-24 23:49:00
1,drink,2019-01-24 23:52:00
1,drink,2019-01-25 08:32:00
1,drink,2019-01-25 09:04:00
1,drink,2019-01-25 10:54:00
1,eat,2019-01-25 12:34:00
1,drink,2019-01-25 13:19:00
1,drink,2019-01-25 14:40:00
1,drink,2019-01-25 15:14:00
1,eat,2019-01-25 16:05:00
1,eat,2019-01-25 16:33:00
1,drink,2019-01-25 19:04:00
1,drink,2019-01-25 19:18:00
1,drink,2019-01-25 19:32:00
1,drink,2019-01-25 21:24:00
1,eat,2019-01-25 22:01:00
1,drink,2019-01-25 22:52:00
1,drink,2019-01-25 22:59:00
1,drink,2019-01-26 12:15:00
1,drink,2019-01-26 12:15:00
1,drink,2019-01-26 12:58:00
1,drink,2019-01-26 14:08:00
1,eat,2019-01-26 14:30:00
1,drink,2019-01-26 15:40:00
1,eat,2019-01-26 15:56:00
1,eat,2019-01-26 17:22:00
1,drink,2019-01-26 19:28:00
1,drink,2019-01-26 20:00:00
1,eat,2019-01-26 22:50:00
1,drink,2019-01-27 07:29:00
1,drink,2019-01-27 08:11:00
1,eat,2019-01-27 11:09:00
1,drink,2019-01-27 13:35:00
1,drink,2019-01-27 15:13:00
1,eat,2019-01-27 16:39:00
1,drink,2019-01-27 22:04:00
1,drink,2019-01-27 22:40:00
1,drink,2019-01-28 07:25:00
1,drink,2019-01-28 08:31:00
1,eat,2019-01-28 08:49:00
1,eat,2019-01-28 09:53:00
1,drink,2019-01-28 12:29:00
1,drink,2019-01-28 12:45:00
1,eat,2019-01-28 16:21:00
1,drink,2019-01-28 17:03:00
1,eat,2019-01-28 20:59:00
1,drink,2019-01-28 23:11:00
1,drink,2019-01-28 23:37:00
1,eat,2019-01-29 08:10:00
1,eat,2019-01-29 08:46:00
1,drink,2019-01-29 08:58:00
1,eat,2019-01-29 09:02:00
1,drink,2019-01-29 10:16:00
1,drink,2019-01-29 13:41:00
1,drink,2019-01-29 15:55:00
1,drink,2019-01-29 16:46:00
1,drink,2019-01-29 18:45:00
1,drink,2019-01-29 19:26:00
1,eat,2019-01-29 21:03:00
1,eat,2019-01-29 22:50:00
1,drink,2019-01-29 23:51:00
1,eat,2019-01-30 07:53:00
1,drink,2019-01-30 08:48:00
1,drink,2019-01-30 12:14:00
1,drink,2019-01-30 12:44:00
1,eat,2019-01-30 13:54:00
1,drink,2019-01-30 13:58:00
1,drink,2019-01-30 14:30:00
1,drink,2019-01-30 15:58:00
1,drink,2019-01-30 16:42:00
1,drink,2019-01-30 17:24:00
1,drink,2019-01-30 18:24:00
1,drink,2019-01-30 18:52:00
1,eat,2019-01-30 22:14:00
1,drink,2019-01-31 07:47:00
1,drink,2019-01-31 08:24:00
1,eat,2019-01-31 12:00:00
1,eat,2019-01-31 12:44:00
1,eat,2019-01-31 13:32:00
1,drink,2019-01-31 13:49:00
1,drink,2019-01-31 15:20:00
1,eat,2019-01-31 16:20:00
1,drink,2019-01-31 17:36:00
1,drink,2019-01-31 19:30:00
1,drink,2019-01-31 19:33:00
1,drink,2019-01-31 20:08:00
1,drink,2019-01-31 22:36:00
1,drink,2019-02-01 09:24:00
1,drink,2019-02-01 11:48:00
1,drink,2019-02-01 14:18:00
1,drink,2019-02-01 14:34:00
1,drink,2019-02-01 15:37:00
1,drink,2019-02-01 15:39:00
1,eat,2019-02-01 16:22:00
1,drink,2019-02-01 17:17:00
1,drink,2019-02-01 18:15:00
1,eat,2019-02-01 18:19:00
1,drink,2019-02-01 18:33:00
1,eat,2019-02-01 19:23:00
1,drink,2019-02-01 20:16:00
1,drink,2019-02-01 20:50:00
1,eat,2019-02-01 21:13:00
1,eat,2019-02-02 08:26:00
1,drink,2019-02-02 10:29:00
1,drink,2019-02-02 13:59:00
1,eat,2019-02-02 14:26:00
1,drink,2019-02-02 17:12:00
1,eat,2019-02-02 17:58:00
1,drink,2019-02-02 18:08:00
1,drink,2019-02-02 19:17:00
1,drink,2019-02-03 09:17:00
1,drink,2019-02-03 10:11:00
1,drink,2019-02-03 10:25:00
1,eat,2019-02-03 11:27:00
1,drink,2019-02-03 13:00:00
1,drink,2019-02-03 14:14:00
1,eat,2019-02-03 16:33:00
1,drink,2019-02-03 16:59:00
1,drink,2019-02-04 07:29:00
1,drink,2019-02-04 07:58:00
1,drink,2019-02-04 08:21:00
1,drink,2019-02-04 09:40:00
1,eat,2019-02-04 09:50:00
1,eat,2019-02-04 10:00:00
1,drink,2019-02-04 14:44:00
1,drink,2019-02-04 15:32:00
1,drink,2019-02-04 17:18:00
1,drink,2019-02-04 17:56:00
1,drink,2019-02-04 18:45:00
1,drink,2019-02-04 19:35:00
1,eat,2019-02-04 21:11:00
1,drink,2019-02-05 07:05:00
1,eat,2019-02-05 07:40:00
1,drink,2019-02-05 08:27:00
1,drink,2019-02-05 09:28:00
1,drink,2019-02-05 09:42:00
1,drink,2019-02-05 09:48:00
1,eat,2019-02-05 10:54:00
1,drink,2019-02-05 11:33:00
1,drink,2019-02-05 13:20:00
1,drink,2019-02-05 16:43:00
1,drink,2019-02-05 18:44:00
1,eat,2019-02-05 19:42:00
1,eat,2019-02-05 20:58:00
1,drink,2019-02-05 21:36:00
1,drink,2019-02-05 23:00:00
1,drink,2019-02-06 07:46:00
1,drink,2019-02-06 09:31:00
1,drink,2019-02-06 09:40:00
1,drink,2019-02-06 10:01:00
1,eat,2019-02-06 10:23:00
1,drink,2019-02-06 13:19:00
1,drink,2019-02-06 13:26:00
1,drink,2019-02-06 13:37:00
1,eat,2019-02-06 13:41:00
1,drink,2019-02-06 14:14:00
1,drink,2019-02-06 16:14:00
1,drink,2019-02-06 17:10:00
1,drink,2019-02-06 18:56:00
1,drink,2019-02-06 21:55:00
1,eat,2019-02-06 22:21:00
1,eat,2019-02-07 07:57:00
1,eat,2019-02-07 08:03:00
1,drink,2019-02-07 09:22:00
1,eat,2019-02-07 10:45:00
1,drink,2019-02-07 12:00:00
1,eat,2019-02-07 12:39:00
1,drink,2019-02-07 14:33:00
1,drink,2019-02-07 16:05:00
1,drink,2019-02-07 16:56:00
1,drink,2019-02-07 17:05:00
1,drink,2019-02-07 17:07:00
1,drink,2019-02-07 19:10:00
1,drink,2019-02-07 21:13:00
1,drink,2019-02-07 22:31:00
1,drink,2019-02-07 22:35:00
1,eat,2019-02-08 08:23:00
1,eat,2019-02-08 08:23:00
1,drink,2019-02-08 08:49:00
1,eat,2019-02-08 09:21:00
1,drink,2019-02-08 11:03:00
1,drink,2019-02-08 13:10:00
1,drink,2019-02-08 14:19:00
1,eat,2019-02-08 18:10:00
1,drink,2019-02-08 19:07:00
1,eat,2019-02-08 19:11:00
1,drink,2019-02-08 19:31:00
1,drink,2019-02-08 21:29:00
1,drink,2019-02-08 21:31:00
1,drink,2019-02-08 22:49:00
1,eat,2019-02-09 07:03:00
1,drink,2019-02-09 09:54:00
1,drink,2019-02-09 12:10:00
1,eat,2019-02-09 12:27:00
1,drink,2019-02-09 13:33:00
1,eat,2019-02-09 13:42:00
1,drink,2019-02-09 17:27:00
1,drink,2019-02-09 18:48:00
1,drink,2019-02-09 20:52:00
1,eat,2019-02-09 22:30:00
1,drink,2019-02-09 23:23:00
1,drink,2019-02-10 07:42:00
1,drink,2019-02-10 07:53:00
1,drink,2019-02-10 08:14:00
1,drink,2019-02-10 13:25:00
1,drink,2019-02-10 14:07:00
1,eat,2019-02-10 14:19:00
1,drink,2019-02-10 17:40:00
1,eat,2019-02-10 22:42:00
1,drink,2019-02-10 23:36:00
1,drink,2019-02-11 08:36:00
1,drink,2019-02-11 10:29:00
1,eat,2019-02-11 11:41:00
1,drink,2019-02-11 12:43:00
1,drink,2019-02-11 16:34:00
1,drink,2019-02-11 19:09:00
1,eat,2019-02-11 19:58:00
1,eat,2019-02-11 20:45:00
1,drink,2019-02-11 21:13:00
1,drink,2019-02-11 21:29:00
1,drink,2019-02-11 21:34:00
1,drink,2019-02-12 08:38:00
1,eat,2019-02-12 10:45:00
1,drink,2019-02-12 12:47:00
1,drink,2019-02-12 12:49:00
1,eat,2019-02-12 13:39:00
1,drink,2019-02-12 14:08:00
1,drink,2019-02-12 15:27:00
1,drink,2019-02-12 15:41:00
1,drink,2019-02-12 17:29:00
1,eat,2019-02-12 17:51:00
1,drink,2019-02-12 19:28:00
1,drink,2019-02-12 20:56:00
1,drink,2019-02-13 07:17:00
1,drink,2019-02-13 07:25:00
1,eat,2019-02-13 07:49:00
1,eat,2019-02-13 10:14:00
1,drink,2019-02-13 10:41:00
1,drink,2019-02-13 12:33:00
1,drink,2019-02-13 14:21:00
1,drink,2019-02-13 14:56:00
1,drink,2019-02-13 16:26:00
1,eat,2019-02-13 19:43:00
1,eat,2019-02-13 19:53:00
1,drink,2019-02-13 20:21:00
1,eat,2019-02-13 22:17:00
1,drink,2019-02-13 22:35:00
1,drink,2019-02-13 23:36:00
1,drink,2019-02-14 07:51:00
1,drink,2019-02-14 09:21:00
1,eat,2019-02-14 13:27:00
1,drink,2019-02-14 13:51:00
1,drink,2019-02-14 14:07:00
1,drink,2019-02-14 14:13:00
1,drink,2019-02-14 15:06:00
1,eat,2019-02-14 16:42:00
1,drink,2019-02-14 17:54:00
1,eat,2019-02-14 19:09:00
1,drink,2019-02-14 23:44:00
1,drink,2019-02-14 23:46:00
1,eat,2019-02-15 07:06:00
1,drink,2019-02-15 07:33:00
1,drink,2019-02-15 10:07:00
1,drink,2019-02-15 11:16:00
1,drink,2019-02-15 11:36:00
1,drink,2019-02-15 13:41:00
1,drink,2019-02-15 14:36:00
1,eat,2019-02-15 16:53:00
1,drink,2019-02-15 18:17:00
1,eat,2019-02-15 18:50:00
1,drink,2019-02-15 19:26:00
1,drink,2019-02-15 23:28:00
1,drink,2019-02-15 23:46:00
1,drink,2019-02-16 09:28:00
1,drink,2019-02-16 09:33:00
1,drink,2019-02-16 09:59:00
1,drink,2019-02-16 10:24:00
1,eat,2019-02-16 11:28:00
1,eat,2019-02-16 11:59:00
1,drink,2019-02-16 12:21:00
1,drink,2019-02-16 14:23:00
1,drink,2019-02-16 22:05:00
1,drink,2019-02-16 22:31:00
1,drink,2019-02-16 23:59:00
1,drink,2019-02-17 08:48:00
1,drink,2019-02-17 08:55:00
1,eat,2019-02-17 10:54:00
1,drink,2019-02-17 11:02:00
1,drink,2019-02-17 12:31:00
1,eat,2019-02-17 12:43:00
1,drink,2019-02-17 13:38:00
1,eat,2019-02-17 16:16:00
1,drink,2019-02-17 21:31:00
1,drink,2019-02-17 22:04:00
1,drink,2019-02-17 22:41:00
1,drink,2019-02-17 22:48:00
1,eat,2019-02-17 22:58:00
1,eat,2019-02-18 08:49:00
1,drink,2019-02-18 09:15:00
1,drink,2019-02-18 09:52:00
1,eat,2019-02-18 11:10:00
1,drink,2019-02-18 11:43:00
1,drink,2019-02-18 12:42:00
1,drink,2019-02-18 14:08:00
1,drink,2019-02-18 16:17:00
1,eat,2019-02-18 17:51:00
1,drink,2019-02-18 19:06:00
1,drink,2019-02-18 19:14:00
1,drink,2019-02-18 19:24:00
1,drink,2019-02-18 19:54:00
1,drink,2019-02-18 21:02:00
1,eat,2019-02-18 21:21:00
1,eat,2019-02-18 21:59:00
1,drink,2019-02-18 22:33:00
1,drink,2019-02-19 08:51:00
1,drink,2019-02-19 10:07:00
1,eat,2019-02-19 10:36:00
1,drink,2019-02-19 11:54:00
1,drink,2019-02-19 13:20:00
1,drink,2019-02-19 14:29:00
1,eat,2019-02-19 17:15:00
1,eat,2019-02-19 18:26:00
1,eat,2019-02-19 19:28:00
1,drink,2019-02-19 22:06:00
1,drink,2019-02-19 22:29:00
1,drink,2019-02-19 22:37:00
1,eat,2019-02-19 22:59:00
1,drink,2019-02-19 23:36:00
1,drink,2019-02-20 07:04:00
1,drink,2019-02-20 08:30:00
1,drink,2019-02-20 11:55:00
1,drink,2019-02-20 13:20:00
1,drink,2019-02-20 14:32:00
1,eat,2019-02-20 16:23:00
1,drink,2019-02-20 16:24:00
1,drink,2019-02-20 16:28:00
1,eat,2019-02-20 16:39:00
1,drink,2019-02-20 17:19:00
1,eat,2019-02-20 20:31:00
1,drink,2019-02-20 22:59:00
1,drink,2019-02-20 23:10:00
1,drink,2019-02-21 09:19:00
1,eat,2019-02-21 12:45:00
1,drink,2019-02-21 12:58:00
1,drink,2019-02-21 14:06:00
1,drink,2019-02-21 14:10:00
1,drink,2019-02-21 14:20:00
1,eat,2019-02-21 14:26:00
1,drink,2019-02-21 14:50:00
1,drink,2019-02-21 16:29:00
1,eat,2019-02-21 19:10:00
1,eat,2019-02-21 19:32:00
1,drink,2019-02-21 23:01:00
1,drink,2019-02-21 23:04:00
1,drink,2019-02-22 07:18:00
1,drink,2019-02-22 09:48:00
1,eat,2019-02-22 12:15:00
1,drink,2019-02-22 12:22:00
1,drink,2019-02-22 13:23:00
1,drink,2019-02-22 14:20:00
1,drink,2019-02-22 15:34:00
1,drink,2019-02-22 17:38:00
1,eat,2019-02-22 18:19:00
1,drink,2019-02-22 19:53:00
1,eat,2019-02-22 20:12:00
1,drink,2019-02-22 20:40:00
1,drink,2019-02-23 07:18:00
1,drink,2019-02-23 08:05:00
1,drink,2019-02-23 10:58:00
1,drink,2019-02-23 14:01:00
1,eat,2019-02-23 14:01:00
1,drink,2019-02-23 16:05:00
1,eat,2019-02-23 18:10:00
1,eat,2019-02-23 18:31:00
1,drink,2019-02-23 18:49:00
1,drink,2019-02-23 18:59:00
1,eat,2019-02-24 09:32:00
1,drink,2019-02-24 11:36:00
1,eat,2019-02-24 15:20:00
1,drink,2019-02-24 16:51:00
1,drink,2019-02-24 17:09:00
1,eat,2019-02-24 18:48:00
1,drink,2019-02-24 18:49:00
1,drink,2019-02-24 20:00:00
1,drink,2019-02-24 22:35:00
1,drink,2019-02-25 07:46:00
1,drink,2019-02-25 08:05:00
1,drink,2019-02-25 08:53:00
1,drink,2019-02-25 10:36:00
1,drink,2019-02-25 11:42:00
1,eat,2019-02-25 12:45:00
1,drink,2019-02-25 12:45:00
1,drink,2019-02-25 14:21:00
1,drink,2019-02-25 17:04:00
1,eat,2019-02-25 17:21:00
1,eat,2019-02-25 19:34:00
1,eat,2019-02-26 07:06:00
1,eat,2019-02-26 07:12:00
1,eat,2019-02-26 07:31:00
1,drink,2019-02-26 08:13:00
1,drink,2019-02-26 11:57:00
1,drink,2019-02-26 12:08:00
1,drink,2019-02-26 14:23:00
1,eat,2019-02-26 15:28:00
1,drink,2019-02-26 15:38:00
1,drink,2019-02-26 18:08:00
1,drink,2019-02-26 20:35:00
1,drink,2019-02-26 21:54:00
1,drink,2019-02-27 08:47:00
1,eat,2019-02-27 09:32:00
1,drink,2019-02-27 12:41:00
1,drink,2019-02-27 14:30:00
1,drink,2019-02-27 16:52:00
1,drink,2019-02-27 17:25:00
1,eat,2019-02-27 19:03:00
1,drink,2019-02-27 19:48:00
1,eat,2019-02-27 21:13:00
1,drink,2019-02-27 22:00:00
1,drink,2019-02-28 07:14:00
1,drink,2019-02-28 10:32:00
1,drink,2019-02-28 10:40:00
1,drink,2019-02-28 14:17:00
1,drink,2019-02-28 14:35:00
1,drink,2019-02-28 14:57:00
1,eat,2019-02-28 15:27:00
1,drink,2019-02-28 15:48:00
1,drink,2019-02-28 17:48:00
1,eat,2019-02-28 17:48:00
1,eat,2019-02-28 18:49:00
1,drink,2019-02-28 18:59:00
1,drink,2019-02-28 20:28:00
1,drink,2019-02-28 21:44:00
1,eat,2019-02-28 22:00:00
1,eat,2019-02-28 22:13:00
1,drink,2019-02-28 23:20:00
1,eat,2019-03-01 07:30:00
1,drink,2019-03-01 08:04:00
1,drink,2019-03-01 08:50:00
1,eat,2019-03-01 12:27:00
1,drink,2019-03-01 13:33:00
1,drink,2019-03-01 14:08:00
1,drink,2019-03-01 18:26:00
1,drink,2019-03-01 20:32:00
1,eat,2019-03-01 22:02:00
1,drink,2019-03-01 23:34:00
1,drink,2019-03-02 07:51:00
1,drink,2019-03-02 08:08:00
1,drink,2019-03-02 09:09:00
1,drink,2019-03-02 10:34:00
1,drink,2019-03-02 11:32:00
1,drink,2019-03-02 12:18:00
1,eat,2019-03-02 12:47:00
1,drink,2019-03-02 15:44:00
1,drink,2019-03-02 18:00:00
1,eat,2019-03-02 18:51:00
1,eat,2019-03-02 19:11:00
1,eat,2019-03-02 20:54:00
1,drink,2019-03-02 23:56:00
1,drink,2019-03-03 07:45:00
1,drink,2019-03-03 08:10:00
1,eat,2019-03-03 08:59:00
1,drink,2019-03-03 11:15:00
1,drink,2019-03-03 15:00:00
1,eat,2019-03-03 15:49:00
1,drink,2019-03-03 16:46:00
1,eat,2019-03-03 17:21:00
1,drink,2019-03-03 17:23:00
1,drink,2019-03-03 19:01:00
1,drink,2019-03-03 19:29:00
1,drink,2019-03-03 22:47:00
1,drink,2019-03-04 09:52:00
1,drink,2019-03-04 10:21:00
1,eat,2019-03-04 11:23:00
1,eat,2019-03-04 15:26:00
1,eat,2019-03-04 16:10:00
1,drink,2019-03-04 17:25:00
1,drink,2019-03-04 18:16:00
1,drink,2019-03-04 21:25:00
1,eat,2019-03-04 21:53:00
1,drink,2019-03-04 22:50:00
1,drink,2019-03-04 22:58:00
1,drink,2019-03-05 08:16:00
1,drink,2019-03-05 09:50:00
1,eat,2019-03-05 11:42:00
1,drink,2019-03-05 11:52:00
1,eat,2019-03-05 19:05:00
1,eat,2019-03-05 19:28:00
1,drink,2019-03-05 20:00:00
1,drink,2019-03-05 20:50:00
1,drink,2019-03-05 22:01:00
1,drink,2019-03-05 22:04:00
1,drink,2019-03-05 22:36:00
1,drink,2019-03-05 23:49:00
1,drink,2019-03-06 07:03:00
1,drink,2019-03-06 07:41:00
1,drink,2019-03-06 08:03:00
1,eat,2019-03-06 08:15:00
1,drink,2019-03-06 08:44:00
1,drink,2019-03-06 09:39:00
1,drink,2019-03-06 10:32:00
1,drink,2019-03-06 11:00:00
1,drink,2019-03-06 15:23:00
1,eat,2019-03-06 15:42:00
1,eat,2019-03-06 17:51:00
1,drink,2019-03-06 18:43:00
1,drink,2019-03-06 21:00:00
1,drink,2019-03-06 21:58:00
1,eat,2019-03-06 22:27:00
1,drink,2019-03-06 22:28:00
1,drink,2019-03-07 08:21:00
1,eat,2019-03-07 12:40:00
1,drink,2019-03-07 13:01:00
1,drink,2019-03-07 13:23:00
1,drink,2019-03-07 14:13:00
1,eat,2019-03-07 14:24:00
1,drink,2019-03-07 18:38:00
1,eat,2019-03-07 19:15:00
1,drink,2019-03-07 20:33:00
1,drink,2019-03-07 21:46:00
1,drink,2019-03-07 22:16:00
1,eat,2019-03-08 07:03:00
1,drink,2019-03-08 11:10:00
1,eat,2019-03-08 13:29:00
1,eat,2019-03-08 14:11:00
1,drink,2019-03-08 15:46:00
1,eat,2019-03-08 16:50:00
1,drink,2019-03-08 18:18:00
1,eat,2019-03-08 18:29:00
1,drink,2019-03-08 19:46:00
1,drink,2019-03-08 19:53:00
1,drink,2019-03-08 21:51:00
1,drink,2019-03-08 22:44:00
1,drink,2019-03-09 09:14:00
1,drink,2019-03-09 10:22:00
1,drink,2019-03-09 17:38:00
1,drink,2019-03-09 18:11:00
1,eat,2019-03-09 19:19:00
1,eat,2019-03-09 20:34:00
1,drink,2019-03-09 23:17:00
1,drink,2019-03-10 10:36:00
1,drink,2019-03-10 13:14:00
1,eat,2019-03-10 18:04:00
1,eat,2019-03-10 18:08:00
1,eat,2019-03-10 18:20:00
1,drink,2019-03-10 18:29:00
1,drink,2019-03-10 20:23:00
1,drink,2019-03-10 21:00:00
1,eat,2019-03-10 21:05:00
1,drink,2019-03-10 21:23:00
1,eat,2019-03-11 07:46:00
1,eat,2019-03-11 07:56:00
1,eat,2019-03-11 09:32:00
1,drink,2019-03-11 09:38:00
1,eat,2019-03-11 09:59:00
1,eat,2019-03-11 14:04:00
1,drink,2019-03-11 15:29:00
1,drink,2019-03-11 16:44:00
1,drink,2019-03-11 17:20:00
1,drink,2019-03-11 18:02:00
1,drink,2019-03-11 18:10:00
1,drink,2019-03-11 19:39:00
1,drink,2019-03-12 07:28:00
1,drink,2019-03-12 07:39:00
1,eat,2019-03-12 10:09:00
1,drink,2019-03-12 16:08:00
1,drink,2019-03-12 18:46:00
1,eat,2019-03-12 18:51:00
1,drink,2019-03-12 18:57:00
1,drink,2019-03-12 19:08:00
1,drink,2019-03-12 22:26:00
1,drink,2019-03-12 22:32:00
1,eat,2019-03-12 22:43:00
1,drink,2019-03-12 22:46:00
1,drink,2019-03-13 10:11:00
1,drink,2019-03-13 10:22:00
1,drink,2019-03-13 12:26:00
1,eat,2019-03-13 13:00:00
1,drink,2019-03-13 14:01:00
1,drink,2019-03-13 14:07:00
1,drink,2019-03-13 15:44:00
1,drink,2019-03-13 15:45:00
1,drink,2019-03-13 18:08:00
1,drink,2019-03-13 18:29:00
1,drink,2019-03-13 19:12:00
1,eat,2019-03-13 21:10:00
1,eat,2019-03-13 21:57:00
1,drink,2019-03-14 08:41:00
1,drink,2019-03-14 11:41:00
1,eat,2019-03-14 13:21:00
1,eat,2019-03-14 16:00:00
1,eat,2019-03-14 16:48:00
1,drink,2019-03-14 18:59:00
1,drink,2019-03-14 19:23:00
1,drink,2019-03-14 19:24:00
1,eat,2019-03-14 20:25:00
1,drink,2019-03-14 22:11:00
1,drink,2019-03-14 22:18:00
1,eat,2019-03-14 22:58:00
1,drink,2019-03-14 23:32:00
1,eat,2019-03-15 07:32:00
1,drink,2019-03-15 08:34:00
1,drink,2019-03-15 08:52:00
1,drink,2019-03-15 09:01:00
1,drink,2019-03-15 10:30:00
1,drink,2019-03-15 10:34:00
1,eat,2019-03-15 11:15:00
1,eat,2019-03-15 14:09:00
1,drink,2019-03-15 14:55:00
1,drink,2019-03-15 17:00:00
1,drink,2019-03-15 18:10:00
1,drink,2019-03-15 20:23:00
1,drink,2019-03-16 09:09:00
1,eat,2019-03-16 12:00:00
1,drink,2019-03-16 13:39:00
1,drink,2019-03-16 15:21:00
1,drink,2019-03-16 17:32:00
1,drink,2019-03-16 19:11:00
1,drink,2019-03-16 20:46:00
1,eat,2019-03-16 22:24:00
1,drink,2019-03-16 23:54:00
1,drink,2019-03-17 07:49:00
1,eat,2019-03-17 08:58:00
1,drink,2019-03-17 12:06:00
1,drink,2019-03-17 15:19:00
1,drink,2019-03-17 15:21:00
1,eat,2019-03-17 18:28:00
1,drink,2019-03-17 19:40:00
1,drink,2019-03-18 08:17:00
1,drink,2019-03-18 09:54:00
1,drink,2019-03-18 11:07:00
1,eat,2019-03-18 11:34:00
1,eat,2019-03-18 12:30:00
1,drink,2019-03-18 17:23:00
1,eat,2019-03-18 17:39:00
1,drink,2019-03-18 18:27:00
1,drink,2019-03-18 22:32:00
1,drink,2019-03-18 23:15:00
1,drink,2019-03-18 23:20:00
1,drink,2019-03-19 07:04:00
1,eat,2019-03-19 10:25:00
1,eat,2019-03-19 11:04:00
1,drink,2019-03-19 11:21:00
1,drink,2019-03-19 13:43:00
1,drink,2019-03-19 13:47:00
1,eat,2019-03-19 16:22:00
1,eat,2019-03-19 17:53:00
1,drink,2019-03-19 18:49:00
1,eat,2019-03-19 21:45:00
1,drink,2019-03-19 22:17:00
1,drink,2019-03-19 23:31:00
1,drink,2019-03-19 23:47:00
